249.21,25.53,1.8,70.92,143.95,131.39,142.02,54.47,102.41,0
249.21,25.53,1.8,70.92,143.95,130.78,142.02,55.3,102.44,0
249.21,25.53,2.1,71.38,144.59,130.78,142.66,54.88,102.64,0
249.21,25.53,1.8,70.92,143.95,131.39,142.66,55.3,102.59,0
249.21,25.53,2.1,70.92,144.59,130.78,143.3,55.3,102.72,0
249.21,26.58,2.1,71.38,144.59,130.78,143.3,54.88,102.85,0
249.21,27.29,2.4,71.38,143.95,131.39,143.95,55.3,103.11,0
251.19,27.29,2.1,71.38,144.59,132,143.3,55.3,103.39,0
250.2,27.29,1.8,71.83,145.24,131.39,143.3,54.88,103.24,0
250.2,27.29,1.8,71.38,144.59,130.78,143.3,55.3,103.08,0
250.2,27.29,2.1,72.29,144.59,130.78,143.95,55.3,103.31,0
250.2,26.93,2.1,71.83,144.59,131.39,143.3,55.71,103.26,0
250.2,27.64,1.8,71.38,144.59,131.39,143.95,55.3,103.28,0
250.2,27.29,1.8,71.38,143.95,131.39,143.95,55.3,103.15,0
250.2,27.29,2.1,71.38,144.59,131.39,143.95,55.71,103.33,0
250.2,26.93,1.8,71.38,144.59,130.78,143.3,55.3,103.03,0
250.2,27.29,1.8,71.38,145.24,130.78,143.95,54.88,103.19,0
250.2,27.64,2.1,71.38,144.59,131.39,143.3,55.3,103.24,0
250.2,26.93,2.1,71.38,144.59,130.78,142.66,55.3,102.99,0
250.2,27.29,2.1,71.38,143.95,131.39,141.38,55.3,102.87,0
250.2,27.29,2.1,71.38,143.95,131.39,142.02,55.3,102.95,0
250.2,27.29,2.1,71.38,144.59,132,141.38,55.3,103.03,0
250.2,26.93,2.1,71.38,143.95,131.39,141.38,54.88,102.78,0
250.2,27.29,1.8,70.92,143.95,131.39,140.74,55.3,102.7,0
251.19,26.93,1.8,71.38,143.95,130.78,140.74,55.3,102.76,0
250.2,26.23,2.1,70.92,143.3,131.39,140.1,54.88,102.39,0
250.2,26.58,2.1,71.38,143.95,130.78,140.74,54.88,102.58,0
250.2,26.23,1.8,71.38,143.95,131.39,140.74,55.3,102.62,0
250.2,26.58,1.8,71.83,142.66,130.78,140.74,54.88,102.43,0
250.2,25.53,1.8,71.38,143.3,130.78,141.38,55.3,102.46,0
250.2,25.53,2.1,71.38,143.3,130.78,141.38,54.88,102.44,0
250.2,25.18,1.8,70.92,143.3,130.78,140.74,54.88,102.22,0
250.2,25.18,2.1,70.47,143.3,130.78,140.74,54.88,102.21,0
250.2,25.88,2.1,70.47,143.3,131.39,140.74,54.47,102.32,0
250.2,25.88,2.1,70.92,143.95,131.39,140.74,54.47,102.46,0
250.2,25.18,1.8,70.02,143.95,130.78,141.38,54.88,102.27,0
250.2,25.53,2.4,70.47,143.95,130.78,141.38,54.88,102.45,0
250.2,25.88,1.8,70.02,143.3,130.17,141.38,54.88,102.2,0
250.2,25.88,2.1,70.47,143.95,130.78,141.38,54.88,102.45,0
250.2,25.18,2.1,70.47,143.95,131.39,141.38,54.47,102.39,0
251.19,25.53,2.1,70.92,143.95,130.78,141.38,54.88,102.59,0
250.2,25.18,2.1,70.47,143.95,130.78,140.74,55.3,102.34,0
250.2,25.18,1.8,70.47,143.95,130.78,140.74,54.47,102.2,0
250.2,25.18,2.1,70.47,144.59,130.78,140.74,54.47,102.32,0
251.19,25.53,2.4,70.02,143.3,130.78,141.38,54.88,102.43,0
251.19,25.53,2.1,70.47,143.3,130.78,141.38,54.88,102.45,0
250.2,25.18,1.8,70.02,143.3,131.39,141.38,54.88,102.27,0
251.19,25.18,1.8,70.47,143.3,130.78,140.74,55.3,102.34,0
250.2,25.53,1.8,70.47,143.3,130.78,141.38,54.88,102.29,0
250.2,24.83,2.1,70.47,143.3,130.78,141.38,54.88,102.24,0
250.2,25.18,1.5,70.92,143.3,131.39,140.74,54.47,102.21,0
250.2,25.18,2.1,70.02,142.66,131.39,141.38,55.3,102.28,0
250.2,24.83,1.8,70.02,143.3,131.39,141.38,55.3,102.28,0
250.2,25.18,1.8,70.47,143.3,130.78,141.38,55.3,102.3,0
250.2,25.53,2.1,70.02,143.95,130.78,141.38,55.3,102.41,0
249.21,25.18,1.8,70.47,143.95,130.78,141.38,55.3,102.26,0
250.2,25.53,1.8,70.02,143.95,130.78,142.02,54.88,102.4,0
250.2,25.18,1.8,70.47,143.3,131.39,141.38,55.3,102.38,0
249.21,24.83,2.1,70.47,142.66,131.39,142.02,55.3,102.25,0
249.21,25.18,2.1,70.47,142.66,131.39,142.02,55.3,102.29,0
250.2,25.53,2.1,70.02,143.3,131.39,142.02,55.71,102.53,0
249.21,25.53,1.5,70.02,143.3,131.39,142.02,54.88,102.23,0
249.21,25.18,1.8,70.47,143.95,131.39,141.38,55.3,102.33,0
248.23,24.83,1.8,70.02,143.95,131.39,141.38,55.3,102.11,0
249.21,24.83,2.1,70.92,143.95,131.39,142.02,55.3,102.46,0
249.21,25.18,1.8,70.47,143.95,130.78,142.02,55.3,102.34,0
249.21,24.83,1.8,70.47,143.3,131.39,142.02,55.3,102.29,0
249.21,24.48,1.8,70.02,143.95,130.78,141.38,55.3,102.11,0
249.21,24.83,1.8,70.47,143.95,130.78,141.38,55.71,102.27,0
250.2,25.18,2.1,70.02,143.3,132,142.02,55.3,102.51,0
250.2,25.88,1.5,70.47,143.95,131.39,142.02,55.3,102.59,0
250.2,26.23,1.8,70.47,143.95,131.39,142.02,55.3,102.67,0
250.2,26.58,1.8,70.92,143.95,130.78,140.74,55.71,102.58,0
250.2,25.88,1.8,70.92,143.95,131.39,142.02,55.71,102.73,0
251.19,26.58,2.1,70.47,143.95,130.78,142.66,56.13,102.98,0
251.19,26.23,1.8,70.92,143.95,131.39,142.66,56.13,103.03,0
251.19,25.88,2.1,70.47,144.59,132,142.66,55.71,103.08,0
251.19,25.88,2.1,70.47,143.95,132,142.66,56.13,103.05,0
252.18,26.23,2.1,70.92,144.59,131.39,142.66,56.13,103.28,0
250.2,26.58,2.1,70.92,143.95,132,143.3,56.55,103.2,0
251.19,26.58,1.5,70.92,143.95,131.39,142.66,56.13,103.04,0
251.19,26.58,2.1,70.47,144.59,131.39,143.3,56.55,103.27,0
251.19,26.93,2.1,70.92,143.95,132,143.3,56.13,103.32,0
251.19,26.58,2.1,70.92,143.95,131.39,142.66,56.55,103.17,0
251.19,26.23,2.1,70.92,143.95,131.39,143.95,56.55,103.28,0
251.19,26.23,2.1,70.92,143.95,131.39,143.95,56.55,103.28,0
251.19,26.23,2.1,70.92,143.95,131.39,143.3,56.13,103.15,0
251.19,25.88,1.8,70.47,143.95,132,143.3,56.97,103.19,0
250.2,26.58,1.8,70.47,143.95,131.39,142.66,55.71,102.84,0
250.2,26.58,2.1,70.92,143.95,131.39,143.3,56.55,103.12,0
251.19,26.93,2.1,70.92,143.95,132,143.3,56.13,103.32,0
251.19,26.23,1.8,70.47,143.95,131.39,143.95,56.13,103.14,0
251.19,26.23,2.1,70.02,144.59,131.39,143.3,56.13,103.12,0
251.19,25.88,1.8,70.47,144.59,131.39,143.3,56.13,103.09,0
251.19,26.23,1.8,70.47,143.95,132,143.3,56.55,103.19,0
251.19,26.23,1.8,70.92,143.95,131.39,143.95,56.13,103.19,0
250.2,26.23,2.1,70.47,143.95,131.39,143.3,56.55,103.02,0
251.19,26.58,1.8,70.92,144.59,131.39,143.3,56.13,103.24,0
251.19,26.58,1.8,70.92,143.95,131.39,142.66,56.13,103.08,0
251.19,26.23,2.1,70.92,143.95,131.39,142.66,56.13,103.07,0
251.19,25.88,2.1,70.92,143.95,132,142.66,56.13,103.1,0
252.18,25.88,1.8,71.38,144.59,131.39,143.95,56.13,103.41,0
251.19,26.58,2.1,70.92,144.59,131.39,143.3,56.13,103.28,0
251.19,26.58,1.8,70.92,144.59,131.39,143.3,56.55,103.29,0
251.19,26.58,1.8,70.92,144.59,131.39,143.95,56.55,103.37,0
251.19,26.58,1.8,70.47,144.59,131.39,143.95,55.71,103.21,0
251.19,26.58,2.1,70.47,145.24,132,143.95,56.13,103.46,0
251.19,26.23,2.1,70.92,144.59,131.39,143.95,56.13,103.31,0
252.18,26.58,2.1,70.92,144.59,131.39,143.95,56.13,103.48,0
251.19,26.58,1.5,70.92,143.95,131.39,143.95,55.71,103.15,0
251.19,26.58,2.1,71.38,144.59,132,143.95,56.13,103.49,0
251.19,26.23,2.1,70.47,144.59,132,144.59,56.55,103.47,0
251.19,26.23,2.1,70.92,144.59,131.39,143.95,55.71,103.26,0
251.19,26.93,2.1,70.92,144.59,131.39,143.95,56.13,103.4,0
251.19,25.88,2.1,70.92,144.59,132,143.95,56.13,103.35,0
251.19,26.23,1.8,70.92,144.59,132,143.95,56.55,103.4,0
251.19,25.88,2.1,70.47,144.59,131.39,143.95,56.55,103.26,0
251.19,25.88,2.1,70.47,144.59,132,143.3,56.13,103.21,0
251.19,25.88,2.1,70.47,144.59,131.39,143.3,56.55,103.18,0
252.18,26.23,1.8,70.47,144.59,131.39,143.3,56.13,103.26,0
251.19,26.23,1.8,70.92,143.95,131.39,143.3,56.13,103.11,0
252.18,26.23,2.1,70.92,144.59,130.78,143.3,56.13,103.28,0
251.19,26.23,2.1,70.92,143.95,130.78,143.95,56.55,103.21,0
250.2,25.88,1.8,70.47,144.59,131.39,143.3,56.13,102.97,0
250.2,26.23,1.8,70.47,143.95,132,143.3,55.71,102.96,0
250.2,26.23,2.1,70.92,143.95,131.39,142.02,56.13,102.87,0
251.19,26.58,2.1,70.92,144.59,131.39,143.3,55.71,103.22,0
250.2,26.23,1.5,70.92,143.95,130.78,142.66,55.71,102.74,0
250.2,25.18,1.8,70.47,143.95,131.39,143.3,55.71,102.75,0
250.2,25.88,1.8,70.92,143.95,130.78,142.66,55.71,102.74,0
251.19,25.53,2.1,70.47,143.3,131.39,142.02,55.3,102.66,0
251.19,25.88,1.8,70.92,143.95,130.78,142.66,55.71,102.86,0
250.2,26.23,1.5,68.23,143.3,130.78,143.3,55.71,102.41,0
250.2,26.23,1.8,68.23,143.95,131.39,142.02,55.71,102.44,0
250.2,26.23,1.8,68.67,143.95,131.39,142.02,55.71,102.5,0
251.19,26.23,2.1,68.67,144.59,131.39,142.02,55.3,102.69,0
251.19,26.58,1.8,68.67,143.95,131.39,142.02,56.13,102.72,0
251.19,26.58,2.1,68.67,143.95,131.39,142.02,56.13,102.75,0
251.19,26.23,2.1,68.23,143.95,130.78,142.02,56.13,102.58,0
251.19,25.88,2.1,68.23,143.95,131.39,142.66,55.71,102.64,0
251.19,25.88,1.5,68.67,143.3,131.39,142.02,55.3,102.4,0
251.19,25.88,1.8,68.67,143.3,131.39,142.02,55.3,102.44,0
251.19,25.88,1.8,68.67,143.95,130.78,142.66,56.13,102.63,0
251.19,25.88,1.8,68.23,143.3,131.39,142.66,55.71,102.52,0
251.19,26.23,1.8,68.67,143.95,131.39,142.02,56.13,102.67,0
251.19,26.23,1.8,68.67,143.3,131.39,142.66,55.71,102.62,0
250.2,26.23,1.5,68.23,143.95,132,142.66,55.71,102.56,0
251.19,26.58,1.8,68.67,143.3,131.39,142.02,56.13,102.63,0
250.2,26.23,1.8,68.67,143.3,131.39,142.02,55.71,102.41,0
251.19,26.23,1.8,68.23,143.3,131.39,142.02,55.71,102.48,0
251.19,26.58,2.1,68.23,143.3,130.78,142.02,55.71,102.49,0
251.19,25.88,1.8,67.78,143.3,131.39,141.38,55.71,102.3,0
251.19,26.23,2.1,68.23,142.02,131.39,142.02,55.71,102.36,0
251.19,26.23,1.5,68.23,142.66,131.39,142.02,55.71,102.36,0
250.2,25.88,1.8,67.78,139.47,130.78,142.66,55.71,101.78,0
250.2,25.88,1.8,68.23,139.47,131.39,142.66,55.71,101.92,0
251.19,25.88,1.5,68.23,140.1,130.78,142.02,55.3,101.87,0
250.2,26.23,1.8,68.23,139.47,130.78,142.02,56.13,101.86,0
250.2,25.88,1.8,68.23,140.1,131.39,142.02,55.71,101.92,0
250.2,25.88,1.8,68.67,140.74,131.39,142.02,55.71,102.05,0
251.19,26.23,1.5,68.23,140.1,131.39,142.02,55.71,102.05,0
250.2,25.88,2.1,68.23,140.74,131.39,142.02,55.71,102.03,0
250.2,25.88,2.1,68.23,140.1,131.39,142.02,55.3,101.9,0
251.19,25.53,1.8,67.78,140.74,131.39,142.02,55.3,101.97,0
250.2,25.88,1.8,68.23,140.74,131.39,142.02,55.3,101.94,0
250.2,25.88,1.8,68.67,140.74,131.39,142.02,55.3,102,0
251.19,26.23,2.1,68.23,140.1,131.39,142.66,55.71,102.2,0
251.19,26.23,1.8,68.67,140.74,131.39,142.66,55.71,102.3,0
251.19,26.23,2.1,68.67,141.38,132,142.66,55.71,102.49,0
252.18,26.58,2.1,68.67,142.02,132,142.66,55.71,102.74,0
252.18,26.58,2.1,68.67,144.59,131.39,143.3,55.3,103.01,0
252.18,26.58,2.1,68.67,143.95,131.39,143.3,56.13,103.04,0
252.18,26.58,1.8,68.23,143.95,132,143.3,56.13,103.02,0
252.18,26.58,1.8,68.67,144.59,131.39,143.3,56.55,103.13,0
252.18,26.58,1.8,68.67,144.59,131.39,142.02,55.71,102.87,0
253.18,26.58,2.1,69.12,143.95,132,143.3,56.13,103.29,0
252.18,26.58,2.1,68.67,144.59,131.39,143.3,56.13,103.12,0
252.18,26.93,1.8,69.12,143.95,131.39,143.95,55.71,103.13,0
252.18,27.99,1.8,69.12,144.59,130.78,143.95,55.71,103.27,0
252.18,28.35,2.1,69.12,143.95,131.39,143.3,56.55,103.37,0
252.18,27.99,2.1,68.67,144.59,131.39,144.59,56.13,103.46,0
252.18,28.71,1.8,68.67,143.95,131.39,143.3,56.13,103.27,0
252.18,27.29,2.1,68.67,144.59,132,144.59,56.13,103.44,0
252.18,26.93,1.8,68.67,143.95,131.39,143.95,56.13,103.12,0
252.18,27.29,1.8,68.67,144.59,132,144.59,56.13,103.41,0
253.18,26.58,1.8,68.67,143.95,131.39,143.95,55.71,103.15,0
252.18,27.29,1.8,68.67,144.59,131.39,143.95,56.13,103.25,0
252.18,27.29,1.8,70.92,143.95,131.39,143.95,56.13,103.45,0
252.18,27.64,1.8,70.92,143.95,131.39,143.95,56.13,103.49,0
252.18,27.64,1.8,71.38,143.95,131.39,143.95,55.71,103.5,0
252.18,27.29,2.1,70.47,143.95,131.39,143.3,56.13,103.35,0
251.19,27.29,1.8,70.92,144.59,131.39,143.95,55.71,103.35,0
252.18,27.99,1.8,70.92,144.59,131.39,143.3,56.13,103.54,0
252.18,27.64,2.4,70.92,143.95,130.78,143.3,55.71,103.36,0
252.18,26.93,1.8,71.38,143.95,131.39,143.3,55.71,103.33,0
251.19,27.29,2.1,70.92,144.59,130.78,143.3,55.71,103.24,0
252.18,27.64,1.8,70.92,143.95,130.78,143.3,55.71,103.29,0
253.18,27.29,1.8,70.47,143.95,131.39,143.95,56.13,103.52,0
252.18,27.64,1.8,70.47,143.95,131.39,143.95,56.13,103.44,0
252.18,27.29,1.8,70.92,144.59,131.39,143.95,55.71,103.48,0
393.03,222.06,142.66,252.18,363.14,223.85,260.25,122.42,247.45,1
391.48,221.17,143.95,252.18,361.71,224.74,260.25,121.84,247.17,1
391.48,221.17,141.38,251.19,361.71,222.95,260.25,121.84,246.5,1
391.48,220.29,142.02,251.19,361.71,222.95,259.23,120.67,246.19,1
391.48,220.29,140.74,251.19,360.29,222.06,258.21,120.67,245.62,1
391.48,219.4,140.74,251.19,360.29,222.95,256.19,120.09,245.29,1
391.48,220.29,138.21,250.2,360.29,222.06,255.18,120.67,244.8,1
389.92,220.29,138.84,250.2,360.29,222.06,256.19,119.51,244.66,1
389.92,219.4,139.47,250.2,360.29,222.95,255.18,119.51,244.62,1
391.48,220.29,139.47,251.19,358.87,222.95,255.18,120.09,244.94,1
391.48,220.29,139.47,251.19,360.29,222.06,256.19,120.09,245.13,1
391.48,220.29,140.1,251.19,361.71,222.95,256.19,120.09,245.5,1
391.48,220.29,140.1,251.19,360.29,222.95,257.2,119.51,245.38,1
391.48,220.29,140.1,251.19,360.29,222.95,256.19,120.09,245.32,1
391.48,220.29,140.74,251.19,360.29,222.95,256.19,120.09,245.4,1
391.48,221.17,140.1,250.2,361.71,222.06,256.19,120.09,245.38,1
391.48,221.17,140.74,251.19,360.29,222.95,257.2,120.67,245.71,1
391.48,220.29,141.38,251.19,361.71,222.95,257.2,120.67,245.86,1
393.03,221.17,142.02,252.18,361.71,222.95,258.21,120.67,246.49,1
391.48,221.17,142.66,252.18,361.71,222.95,258.21,120.67,246.38,1
393.03,222.06,142.66,252.18,361.71,223.85,257.2,121.25,246.74,1
393.03,222.06,142.66,252.18,361.71,222.95,258.21,120.67,246.69,1
393.03,221.17,142.66,252.18,363.14,222.95,258.21,121.25,246.83,1
393.03,221.17,143.95,253.18,361.71,222.95,258.21,121.25,246.93,1
393.03,222.95,145.24,254.18,363.14,222.95,258.21,121.25,247.62,1
393.03,222.06,145.24,256.19,363.14,223.85,258.21,121.25,247.87,1
393.03,222.95,146.55,256.19,361.71,222.95,258.21,121.84,247.93,1
393.03,222.95,147.2,256.19,363.14,223.85,259.23,122.42,248.5,1
393.03,222.95,147.2,257.2,363.14,223.85,258.21,121.84,248.43,1
393.03,222.95,147.86,257.2,363.14,222.95,258.21,121.84,248.4,1
393.03,223.85,147.86,257.2,363.14,223.85,258.21,121.25,248.55,1
394.6,223.85,147.86,257.2,363.14,223.85,258.21,121.84,248.82,1
394.6,223.85,147.86,257.2,363.14,223.85,258.21,121.84,248.82,1
394.6,223.85,149.18,257.2,363.14,225.65,258.21,121.84,249.21,1
394.6,222.95,148.52,258.21,363.14,223.85,259.23,121.84,249.04,1
394.6,222.95,149.18,257.2,363.14,224.74,259.23,121.84,249.11,1
394.6,224.74,149.18,258.21,363.14,223.85,258.21,121.84,249.22,1
396.17,223.85,149.18,259.23,363.14,223.85,259.23,121.84,249.56,1
396.17,223.85,149.84,257.2,363.14,223.85,258.21,122.42,249.33,1
396.17,223.85,149.18,258.21,364.57,224.74,259.23,123.6,249.94,1
396.17,223.85,149.84,259.23,364.57,223.85,258.21,122.42,249.77,1
396.17,224.74,149.18,258.21,363.14,224.74,258.21,121.84,249.53,1
396.17,223.85,149.84,258.21,363.14,223.85,258.21,123.01,249.53,1
396.17,223.85,149.84,258.21,364.57,224.74,259.23,122.42,249.88,1
394.6,223.85,149.18,258.21,364.57,224.74,259.23,122.42,249.6,1
394.6,223.85,149.18,258.21,363.14,223.85,258.21,123.01,249.26,1
394.6,222.95,149.18,258.21,363.14,223.85,259.23,122.42,249.2,1
394.6,223.85,149.18,258.21,364.57,223.85,258.21,123.01,249.43,1
396.17,223.85,149.18,258.21,363.14,223.85,259.23,122.42,249.51,1
394.6,223.85,149.18,258.21,363.14,223.85,259.23,122.42,249.31,1
394.6,223.85,149.18,258.21,363.14,224.74,259.23,123.01,249.5,1
396.17,223.85,149.84,259.23,364.57,224.74,259.23,123.6,250.15,1
396.17,223.85,149.84,258.21,363.14,223.85,260.25,123.01,249.79,1
396.17,223.85,149.84,258.21,364.57,223.85,259.23,122.42,249.77,1
394.6,222.95,149.84,259.23,363.14,223.85,259.23,123.6,249.55,1
394.6,223.85,149.84,258.21,364.57,224.74,260.25,123.01,249.88,1
396.17,223.85,149.84,258.21,364.57,224.74,259.23,122.42,249.88,1
396.17,223.85,150.5,259.23,363.14,223.85,259.23,123.01,249.87,1
396.17,223.85,150.5,258.21,366.01,224.74,259.23,123.01,250.22,1
396.17,223.85,149.84,259.23,364.57,224.74,260.25,123.01,250.21,1
396.17,223.85,150.5,259.23,366.01,224.74,259.23,122.42,250.27,1
397.75,223.85,149.84,258.21,364.57,224.74,259.23,122.42,250.08,1
396.17,223.85,149.84,259.23,364.57,225.65,259.23,123.01,250.19,1
396.17,223.85,149.84,259.23,364.57,224.74,259.23,123.01,250.08,1
397.75,223.85,149.84,259.23,364.57,223.85,259.23,122.42,250.09,1
394.6,223.85,149.84,259.23,364.57,223.85,259.23,122.42,249.7,1
396.17,223.85,149.84,260.25,363.14,223.85,259.23,123.01,249.92,1
394.6,224.74,149.84,259.23,364.57,223.85,259.23,123.6,249.96,1
396.17,223.85,149.18,259.23,364.57,223.85,258.21,123.01,249.76,1
396.17,223.85,149.18,259.23,364.57,222.95,257.2,123.01,249.52,1
396.17,222.95,149.18,259.23,363.14,223.85,256.19,123.01,249.21,1
394.6,223.85,149.18,259.23,363.14,223.85,256.19,123.01,249.13,1
396.17,222.95,149.18,259.23,364.57,223.85,255.18,123.01,249.27,1
396.17,223.85,149.18,259.23,364.57,222.95,256.19,122.42,249.32,1
396.17,223.85,149.84,259.23,363.14,222.95,256.19,123.01,249.3,1
396.17,223.85,149.84,259.23,364.57,223.85,256.19,124.19,249.74,1
396.17,223.85,149.84,259.23,366.01,223.85,257.2,123.6,249.97,1
396.17,223.85,150.5,260.25,364.57,222.95,257.2,123.01,249.81,1
396.17,223.85,150.5,259.23,364.57,223.85,258.21,124.19,250.07,1
396.17,222.95,150.5,259.23,364.57,223.85,258.21,125.37,250.11,1
396.17,223.85,149.84,259.23,366.01,223.85,258.21,125.96,250.39,1
397.75,223.85,149.84,259.23,364.57,223.85,258.21,125.37,250.33,1
396.17,222.95,149.84,260.25,364.57,223.85,257.2,125.96,250.1,1
396.17,222.95,149.84,259.23,364.57,223.85,257.2,126.56,250.05,1
396.17,222.95,149.18,259.23,363.14,224.74,257.2,126.56,249.9,1
396.17,223.85,148.52,260.25,363.14,224.74,258.21,127.16,250.26,1
396.17,223.85,149.18,260.25,363.14,223.85,258.21,127.16,250.23,1
396.17,223.85,149.18,259.23,363.14,223.85,257.2,127.76,250.05,1
394.6,222.95,148.52,259.23,363.14,224.74,257.2,127.16,249.69,1
394.6,222.95,147.86,260.25,363.14,224.74,257.2,127.16,249.74,1
393.03,222.95,148.52,259.23,363.14,224.74,258.21,127.16,249.62,1
393.03,222.06,148.52,259.23,361.71,224.74,258.21,127.16,249.33,1
393.03,222.95,147.86,258.21,363.14,223.85,257.2,126.56,249.1,1
393.03,222.95,146.55,257.2,361.71,223.85,257.2,127.16,248.71,1
391.48,222.06,145.24,257.2,361.71,222.95,256.19,125.96,247.85,1
391.48,222.06,144.59,256.19,361.71,223.85,255.18,125.96,247.63,1
391.48,221.17,143.3,256.19,361.71,223.85,255.18,124.78,247.21,1
389.92,221.17,142.02,257.2,361.71,222.95,254.18,124.19,246.67,1
389.92,220.29,141.38,256.19,360.29,222.06,253.18,124.19,245.94,1
389.92,220.29,140.74,255.18,360.29,222.95,252.18,123.6,245.64,1
389.92,220.29,138.21,255.18,358.87,222.06,251.19,123.01,244.84,1
388.38,220.29,138.21,254.18,358.87,222.06,251.19,123.01,244.52,1
386.84,219.4,138.21,252.18,357.47,221.17,250.2,123.01,243.56,1
388.38,220.29,137.58,252.18,358.87,221.17,250.2,123.01,243.96,1
386.84,220.29,137.58,252.18,358.87,222.06,249.21,122.42,243.68,1
386.84,219.4,137.58,253.18,357.47,222.06,250.2,123.01,243.72,1
385.31,219.4,137.58,253.18,357.47,222.06,251.19,122.42,243.58,1
385.31,219.4,136.95,252.18,357.47,221.17,251.19,123.01,243.33,1
385.31,219.4,136.33,251.19,357.47,221.17,251.19,122.42,243.06,1
385.31,219.4,136.33,252.18,354.66,221.17,250.2,122.42,242.71,1
385.31,218.52,135.7,252.18,356.06,222.06,250.2,121.25,242.66,1
385.31,218.52,135.7,251.19,356.06,221.17,248.23,121.84,242.25,1
383.79,218.52,135.7,251.19,354.66,221.17,250.2,121.84,242.13,1
383.79,218.52,135.08,251.19,354.66,221.17,250.2,121.84,242.06,1
385.31,218.52,135.7,251.19,357.47,222.06,250.2,121.84,242.79,1
385.31,218.52,135.08,251.19,356.06,221.17,250.2,121.84,242.42,1
385.31,218.52,135.08,251.19,356.06,222.06,251.19,122.42,242.73,1
383.79,218.52,135.7,251.19,356.06,222.06,251.19,122.42,242.62,1
383.79,219.4,135.7,252.18,356.06,221.17,251.19,121.84,242.67,1
383.79,219.4,135.08,252.18,356.06,221.17,251.19,121.84,242.59,1
383.79,219.4,135.7,251.19,356.06,221.17,250.2,122.42,242.49,1
382.27,219.4,135.7,251.19,356.06,221.17,250.2,121.25,242.16,1
383.79,218.52,135.7,251.19,356.06,221.17,251.19,121.84,242.43,1
382.27,218.52,135.08,251.19,356.06,221.17,251.19,121.25,242.09,1
382.27,218.52,135.7,251.19,356.06,221.17,251.19,121.25,242.17,1
382.27,219.4,135.08,251.19,356.06,221.17,250.2,121.25,242.08,1
382.27,218.52,134.46,251.19,356.06,221.17,249.21,121.25,241.77,1
382.27,218.52,134.46,251.19,356.06,221.17,250.2,120.09,241.75,1
382.27,218.52,134.46,251.19,356.06,221.17,250.2,120.67,241.82,1
382.27,218.52,133.84,251.19,356.06,221.17,250.2,120.67,241.74,1
382.27,218.52,134.46,251.19,357.47,221.17,249.21,120.67,241.87,1
382.27,218.52,134.46,251.19,356.06,220.29,250.2,120.09,241.63,1
382.27,219.4,134.46,251.19,356.06,221.17,249.21,119.51,241.66,1
383.79,219.4,135.08,251.19,356.06,221.17,250.2,119.51,242.05,1
382.27,219.4,135.08,251.19,356.06,221.17,249.21,119.51,241.74,1
383.79,219.4,134.46,251.19,356.06,221.17,250.2,119.51,241.97,1
382.27,220.29,135.08,251.19,357.47,221.17,249.21,119.51,242.02,1
382.27,219.4,135.08,251.19,356.06,222.06,249.21,118.94,241.78,1
383.79,219.4,135.08,251.19,357.47,221.17,249.21,118.94,242.03,1
382.27,219.4,135.08,251.19,356.06,221.17,249.21,118.94,241.67,1
383.79,219.4,135.08,251.19,356.06,221.17,249.21,118.94,241.86,1
382.27,219.4,135.08,250.2,356.06,221.17,250.2,118.36,241.59,1
382.27,219.4,134.46,250.2,357.47,221.17,250.2,119.51,241.83,1
385.31,220.29,135.7,251.19,356.06,221.17,250.2,119.51,242.43,1
383.79,219.4,135.08,250.2,356.06,221.17,250.2,118.94,241.85,1
383.79,219.4,135.08,251.19,357.47,221.17,250.2,119.51,242.23,1
383.79,219.4,135.08,250.2,356.06,220.29,251.19,118.94,241.87,1
383.79,220.29,135.7,250.2,357.47,221.17,250.2,119.51,242.29,1
383.79,219.4,135.08,250.2,358.87,221.17,250.2,118.94,242.21,1
382.27,219.4,135.08,250.2,357.47,221.17,250.2,118.94,241.84,1
382.27,220.29,135.08,250.2,356.06,220.29,250.2,119.51,241.74,1
383.79,218.52,135.08,249.21,356.06,221.17,250.2,118.94,241.62,1
382.27,219.4,135.08,250.2,354.66,220.29,250.2,117.79,241.24,1
383.79,218.52,135.08,249.21,354.66,220.29,249.21,118.36,241.14,1
382.27,218.52,133.84,249.21,354.66,220.29,250.2,118.36,240.92,1
382.27,217.65,133.84,249.21,356.06,220.29,249.21,117.79,240.79,1
382.27,217.65,133.84,249.21,356.06,220.29,248.23,118.36,240.74,1
382.27,217.65,133.84,249.21,353.27,220.29,249.21,117.79,240.44,1
383.79,218.52,133.84,249.21,354.66,220.29,249.21,117.79,240.91,1
382.27,217.65,133.84,248.23,356.06,220.29,248.23,118.36,240.62,1
382.27,217.65,133.23,249.21,354.66,220.29,249.21,118.36,240.61,1
382.27,217.65,133.23,248.23,356.06,220.29,249.21,117.79,240.59,1
380.76,217.65,133.23,248.23,353.27,220.29,249.21,118.36,240.12,1
380.76,217.65,133.23,248.23,354.66,219.4,249.21,118.36,240.19,1
379.26,217.65,132,248.23,353.27,219.4,249.21,117.79,239.6,1
379.26,218.52,133.23,249.21,353.27,220.29,249.21,117.79,240.1,1
379.26,217.65,132.61,248.23,351.89,220.29,250.2,117.22,239.67,1
379.26,218.52,132.61,248.23,353.27,220.29,249.21,117.79,239.9,1
380.76,218.52,133.84,248.23,353.27,220.29,250.2,118.36,240.43,1
380.76,217.65,133.84,249.21,354.66,220.29,251.19,118.36,240.74,1
380.76,218.52,133.84,249.21,354.66,221.17,250.2,120.09,241.06,1
382.27,219.4,134.46,249.21,354.66,221.17,252.18,121.25,241.83,1
382.27,218.52,134.46,250.2,354.66,221.17,252.18,121.25,241.84,1
382.27,218.52,134.46,251.19,354.66,222.06,252.18,123.01,242.29,1
380.76,218.52,135.08,251.19,354.66,221.17,253.18,123.01,242.2,1
382.27,219.4,135.08,251.19,356.06,221.17,254.18,123.6,242.87,1
382.27,219.4,136.33,251.19,356.06,222.06,254.18,123.6,243.14,1
382.27,219.4,136.33,251.19,356.06,221.17,254.18,123.6,243.02,1
382.27,219.4,136.95,251.19,357.47,222.06,254.18,124.19,243.46,1
382.27,220.29,136.95,252.18,357.47,222.06,255.18,123.6,243.75,1
382.27,220.29,137.58,251.19,356.06,222.06,255.18,124.78,243.68,1
382.27,220.29,136.95,251.19,356.06,222.06,255.18,124.19,243.52,1
382.27,219.4,137.58,251.19,356.06,222.06,255.18,124.19,243.49,1
382.27,220.29,136.95,252.18,356.06,222.06,255.18,123.6,243.57,1
382.27,219.4,136.95,252.18,356.06,221.17,255.18,123.6,243.35,1
382.27,219.4,136.95,251.19,356.06,222.06,256.19,123.6,243.46,1
383.79,220.29,136.33,251.19,356.06,222.06,255.18,123.6,243.56,1
382.27,219.4,136.33,251.19,356.06,222.95,254.18,123.01,243.17,1
382.27,219.4,136.33,251.19,357.47,221.17,254.18,123.01,243.13,1
382.27,219.4,136.33,251.19,356.06,221.17,254.18,123.6,243.02,1
382.27,220.29,136.33,252.18,357.47,222.06,254.18,122.42,243.4,1
383.79,220.29,136.33,251.19,356.06,222.06,254.18,123.01,243.36,1
382.27,219.4,135.7,251.19,356.06,221.17,253.18,123.01,242.75,1
382.27,219.4,135.7,251.19,354.66,222.06,254.18,122.42,242.74,1
382.27,219.4,136.33,251.19,354.66,222.06,253.18,122.42,242.69,1
382.27,219.4,135.08,251.19,354.66,222.06,253.18,121.84,242.46,1
382.27,219.4,135.08,251.19,356.06,221.17,252.18,123.01,242.55,1
382.27,219.4,134.46,251.19,354.66,222.95,252.18,121.84,242.37,1
380.76,218.52,134.46,251.19,354.66,222.06,253.18,122.42,242.16,1
382.27,219.4,135.7,252.18,356.06,222.06,254.18,122.42,243.03,1
346.4,88.46,12.41,177.26,351.89,137.58,120.09,47.96,160.26,2
347.76,88.46,12.09,177.26,351.89,136.95,120.09,48.36,160.36,2
346.4,88.96,12.41,176.51,350.51,136.95,120.09,47.96,159.97,2
346.4,88.46,12.41,176.51,350.51,136.33,120.09,48.36,159.88,2
346.4,87.97,12.41,176.51,350.51,136.95,120.09,48.36,159.9,2
346.4,88.46,12.41,176.51,349.13,136.33,119.51,48.36,159.64,2
346.4,88.46,12.73,176.51,349.13,136.95,120.09,47.96,159.78,2
346.4,87.97,12.09,176.51,347.76,136.33,120.09,48.36,159.44,2
346.4,87.97,12.09,176.51,347.76,136.33,120.09,47.96,159.39,2
347.76,87.97,11.77,176.51,347.76,135.7,120.09,47.96,159.44,2
347.76,87.97,11.77,175.77,349.13,135.7,120.67,47.96,159.59,2
346.4,87.97,11.77,176.51,347.76,136.33,120.09,48.76,159.45,2
346.4,87.97,11.77,176.51,349.13,135.7,120.09,48.36,159.49,2
347.76,87.97,12.09,176.51,347.76,135.7,120.67,48.36,159.6,2
346.4,88.46,11.77,176.51,347.76,135.7,120.67,47.96,159.41,2
346.4,87.97,11.77,176.51,349.13,135.7,120.67,48.36,159.56,2
346.4,87.97,12.09,176.51,347.76,136.33,121.25,48.36,159.58,2
346.4,87.97,12.09,177.26,346.4,135.7,120.09,48.36,159.28,2
346.4,87.97,12.09,176.51,347.76,135.08,121.25,48.36,159.43,2
346.4,87.97,12.09,176.51,347.76,135.7,120.67,48.76,159.48,2
346.4,87.97,11.77,177.26,346.4,135.08,120.67,47.96,159.19,2
346.4,87.97,11.77,177.26,346.4,135.7,120.67,48.36,159.32,2
346.4,87.47,11.77,177.26,347.76,135.08,120.67,48.76,159.4,2
347.76,87.47,12.09,178,347.76,135.08,120.67,48.36,159.65,2
347.76,87.97,11.77,178,350.51,135.7,121.25,47.96,160.12,2
347.76,87.97,11.77,178,350.51,136.33,120.67,48.36,160.17,2
346.4,87.47,12.09,178,350.51,136.33,121.25,47.96,160,2
346.4,87.97,12.09,178.75,350.51,135.7,121.25,47.96,160.08,2
347.76,87.47,11.77,178,350.51,135.7,120.67,47.56,159.93,2
347.76,87.97,12.09,178,350.51,136.33,120.67,47.56,160.11,2
347.76,87.47,11.77,178.75,350.51,135.7,120.09,47.16,159.9,2
347.76,87.47,11.77,178,349.13,135.7,120.09,47.56,159.69,2
347.76,87.97,11.77,178.75,350.51,135.7,120.09,47.96,160.06,2
346.4,87.47,11.77,178.75,350.51,136.33,119.51,47.56,159.79,2
347.76,87.97,12.09,178,350.51,135.7,119.51,47.96,159.94,2
346.4,87.97,11.77,178,350.51,136.95,120.67,47.96,160.03,2
346.4,88.46,11.77,178,351.89,136.95,120.67,47.56,160.21,2
346.4,88.46,11.45,178.75,350.51,136.95,121.25,47.56,160.17,2
347.76,88.46,11.77,178,350.51,137.58,121.84,47.16,160.39,2
347.76,87.97,12.09,178,350.51,136.95,120.67,47.16,160.14,2
347.76,88.46,11.77,178.75,351.89,136.95,120.67,47.16,160.43,2
347.76,87.97,11.77,178,350.51,137.58,120.67,47.16,160.18,2
347.76,88.46,11.45,178,351.89,138.21,120.67,46.77,160.4,2
347.76,87.97,11.77,178,351.89,138.21,120.67,47.16,160.43,2
346.4,88.46,12.09,178,350.51,136.95,121.25,47.16,160.1,2
346.4,88.46,11.77,178,350.51,137.58,121.25,47.16,160.14,2
347.76,88.46,12.09,178,350.51,138.21,120.67,47.16,160.36,2
347.76,88.46,12.09,178,351.89,138.21,121.84,47.16,160.68,2
347.76,88.96,12.09,177.26,351.89,138.21,121.25,47.16,160.57,2
347.76,88.96,12.09,178,350.51,138.21,121.25,47.16,160.49,2
347.76,88.46,12.41,178.75,351.89,138.84,121.84,47.56,160.94,2
347.76,88.96,11.77,178,351.89,139.47,121.84,47.96,160.96,2
347.76,88.96,12.09,178.75,351.89,138.84,121.84,47.16,160.91,2
347.76,88.96,12.09,178,353.27,139.47,122.42,47.56,161.19,2
347.76,88.96,12.73,178.75,351.89,139.47,121.84,47.16,161.07,2
349.13,89.46,11.77,178,351.89,138.84,121.25,47.96,161.04,2
347.76,88.96,12.09,178.75,353.27,139.47,120.67,47.56,161.07,2
347.76,88.96,12.41,178.75,353.27,139.47,121.25,47.96,161.23,2
347.76,89.46,12.09,178.75,353.27,139.47,121.25,47.56,161.2,2
347.76,88.96,12.41,178.75,353.27,138.84,120.67,47.96,161.08,2
347.76,89.46,12.41,178.75,351.89,139.47,121.25,47.56,161.07,2
347.76,89.46,12.73,178,351.89,139.47,120.67,47.56,160.94,2
347.76,89.96,12.09,178.75,354.66,138.84,120.67,47.56,161.29,2
347.76,89.46,12.41,178.75,353.27,139.47,121.84,47.56,161.32,2
347.76,88.96,12.41,178.75,353.27,139.47,120.67,47.96,161.16,2
347.76,88.96,12.41,178.75,353.27,138.84,120.67,47.96,161.08,2
349.13,89.46,12.09,178.75,353.27,138.84,120.67,47.56,161.22,2
347.76,88.96,12.09,178.75,351.89,138.21,121.25,47.56,160.81,2
347.76,88.96,11.77,178.75,351.89,138.84,120.67,47.16,160.73,2
347.76,89.46,12.09,178,351.89,138.84,120.09,47.96,160.76,2
347.76,88.96,12.09,178,350.51,137.58,120.67,47.16,160.34,2
347.76,88.96,12.09,177.26,350.51,136.95,120.67,47.56,160.22,2
349.13,89.46,12.09,177.26,350.51,136.95,120.67,47.56,160.45,2
347.76,89.46,12.41,177.26,350.51,137.58,120.67,47.56,160.4,2
347.76,88.46,12.41,176.51,350.51,137.58,120.09,47.56,160.11,2
347.76,88.96,11.77,176.51,349.13,137.58,120.09,47.96,159.97,2
346.4,88.46,12.09,176.51,349.13,137.58,120.67,47.96,159.85,2
346.4,88.96,12.09,175.77,349.13,137.58,120.67,47.56,159.77,2
346.4,88.46,12.09,176.51,349.13,137.58,120.67,47.96,159.85,2
346.4,88.96,12.09,176.51,347.76,137.58,121.25,47.56,159.77,2
346.4,88.96,12.09,178,350.51,137.58,120.67,47.56,160.22,2
345.04,88.96,12.41,177.26,350.51,137.58,121.25,47.56,160.07,2
346.4,89.96,12.09,176.51,351.89,138.84,120.67,47.56,160.49,2
346.4,89.46,12.09,177.26,350.51,138.84,121.25,47.56,160.42,2
346.4,89.96,11.77,177.26,351.89,138.84,120.67,47.56,160.54,2
346.4,89.96,12.41,177.26,351.89,138.84,120.67,47.96,160.67,2
345.04,89.96,12.41,176.51,351.89,139.47,121.25,47.16,160.46,2
346.4,89.46,12.09,176.51,351.89,139.47,121.25,47.16,160.53,2
346.4,89.46,12.09,178,351.89,139.47,121.25,47.16,160.72,2
346.4,89.46,12.09,176.51,351.89,139.47,121.25,47.16,160.53,2
346.4,88.96,12.41,176.51,351.89,139.47,121.25,47.56,160.56,2
346.4,89.46,12.41,177.26,351.89,139.47,120.67,47.56,160.64,2
346.4,89.96,12.09,177.26,353.27,140.1,120.67,47.56,160.91,2
346.4,89.46,12.41,177.26,353.27,139.47,120.67,47.56,160.81,2
346.4,89.46,12.41,177.26,353.27,140.1,120.67,47.16,160.84,2
346.4,89.96,12.09,176.51,354.66,140.74,120.67,47.16,161.03,2
347.76,88.96,12.41,177.26,354.66,140.1,121.25,47.56,161.25,2
346.4,89.46,12.73,176.51,354.66,139.47,120.67,47.16,160.88,2
346.4,89.46,11.77,177.26,354.66,139.47,120.09,47.56,160.83,2
346.4,89.46,11.77,176.51,354.66,140.1,120.67,47.16,160.84,2
347.76,89.46,12.41,177.26,354.66,140.1,121.25,46.77,161.21,2
347.76,89.46,12.41,177.26,353.27,140.74,120.09,47.16,161.02,2
346.4,89.46,12.41,178,356.06,140.74,120.67,46.77,161.31,2
346.4,89.96,12.09,178,356.06,140.74,120.67,46.77,161.34,2
347.76,89.96,11.77,178,356.06,141.38,121.25,46.77,161.62,2
347.76,89.96,11.77,178.75,356.06,142.02,120.09,47.16,161.7,2
347.76,89.96,12.09,178,356.06,141.38,120.67,47.56,161.69,2
347.76,89.96,11.77,178,356.06,140.74,121.25,47.16,161.59,2
347.76,89.96,12.41,178,357.47,142.02,120.09,47.16,161.86,2
346.4,90.46,12.41,178.75,357.47,141.38,120.67,47.16,161.84,2
347.76,90.46,12.41,178,357.47,142.02,121.25,47.16,162.07,2
346.4,90.46,12.09,178,357.47,142.02,120.67,47.16,161.78,2
346.4,90.46,12.41,178.75,357.47,142.66,121.25,46.77,162.02,2
347.76,90.46,12.09,178,357.47,143.3,121.25,46.77,162.14,2
347.76,90.46,12.09,178,358.87,143.3,120.67,46.77,162.24,2
349.13,90.96,11.77,178,358.87,143.3,120.67,47.16,162.48,2
347.76,90.96,12.41,178,360.29,143.3,120.67,47.16,162.57,2
346.4,90.46,12.09,178,358.87,143.95,120.67,46.77,162.15,2
346.4,90.96,12.09,178,357.47,143.95,120.67,46.77,162.04,2
346.4,90.46,12.09,178,358.87,143.95,121.25,46.77,162.22,2
346.4,89.96,12.73,178,357.47,142.66,120.67,46.77,161.83,2
346.4,90.96,12.09,177.26,358.87,143.3,120.67,46.77,162.04,2
347.76,90.46,11.77,178.75,357.47,143.3,120.67,46.77,162.12,2
346.4,90.46,12.41,178,357.47,143.3,120.67,46.77,161.94,2
346.4,90.46,12.09,178,357.47,143.3,120.67,46.37,161.85,2
346.4,89.96,12.41,178,354.66,143.3,121.25,47.16,161.64,2
346.4,90.46,12.09,177.26,357.47,143.3,120.67,46.77,161.8,2
347.76,89.96,11.77,177.26,358.87,143.3,120.67,46.77,162.05,2
347.76,89.96,12.41,178,357.47,142.66,121.25,46.77,162.04,2
346.4,90.46,12.09,178,357.47,142.02,121.25,46.77,161.81,2
347.76,89.96,12.09,178,357.47,142.02,120.67,47.16,161.89,2
346.4,89.46,11.77,178,356.06,142.02,120.67,46.77,161.39,2
346.4,89.96,11.77,178,356.06,141.38,120.09,47.16,161.35,2
346.4,89.96,11.77,177.26,356.06,141.38,120.09,47.16,161.26,2
346.4,89.46,11.77,178,357.47,142.02,120.09,46.77,161.5,2
346.4,88.96,11.77,177.26,357.47,141.38,120.09,46.77,161.26,2
345.04,89.46,11.77,178,357.47,141.38,120.09,47.56,161.35,2
346.4,89.46,11.77,176.51,357.47,142.02,120.09,47.16,161.36,2
346.4,89.46,11.45,178,357.47,142.02,120.67,47.56,161.63,2
346.4,89.46,12.09,178,357.47,142.02,120.67,47.16,161.66,2
346.4,89.46,11.77,177.26,358.87,141.38,120.09,47.56,161.6,2
346.4,89.46,11.77,177.26,357.47,141.38,120.09,47.16,161.37,2
346.4,88.96,11.77,177.26,357.47,140.74,120.09,47.56,161.28,2
346.4,89.46,11.77,177.26,356.06,140.1,120.67,47.16,161.11,2
346.4,89.46,11.77,177.26,357.47,140.1,120.09,47.16,161.21,2
345.04,89.46,12.09,177.26,357.47,140.74,120.67,47.16,161.24,2
346.4,88.96,11.77,177.26,356.06,139.47,121.25,47.56,161.09,2
346.4,88.96,11.77,178,357.47,140.1,120.67,47.16,161.32,2
346.4,88.96,11.77,177.26,357.47,140.74,120.67,47.56,161.35,2
346.4,88.96,12.09,177.26,357.47,140.74,120.67,47.16,161.34,2
346.4,89.46,11.77,178,356.06,141.38,120.67,47.56,161.41,2
346.4,89.46,11.45,177.26,357.47,141.38,120.09,47.16,161.33,2
346.4,88.96,11.77,177.26,357.47,141.38,120.67,47.56,161.43,2
347.76,88.96,11.45,176.51,357.47,140.74,120.67,46.77,161.29,2
346.4,88.96,11.45,177.26,357.47,141.38,120.67,47.56,161.39,2
349.13,89.46,11.77,177.26,357.47,140.74,120.67,47.56,161.76,2
347.76,89.46,11.45,177.26,356.06,140.74,120.67,47.56,161.37,2
347.76,89.46,11.77,177.26,356.06,140.1,120.09,48.36,161.36,2
349.13,89.46,11.45,176.51,356.06,140.1,120.67,47.56,161.37,2
347.76,89.46,11.77,175.77,356.06,140.1,121.25,47.56,161.22,2
347.76,89.46,11.77,178,356.06,140.1,120.09,48.36,161.45,2
347.76,89.96,11.77,177.26,356.06,140.74,120.67,47.96,161.52,2
347.76,89.46,12.09,177.26,356.06,139.47,121.25,48.36,161.46,2
347.76,89.96,12.09,177.26,356.06,140.1,121.25,47.56,161.51,2
347.76,89.96,11.77,177.26,356.06,140.74,121.25,48.36,161.65,2
347.76,89.96,11.77,177.26,356.06,140.74,121.25,47.56,161.55,2
347.76,89.46,11.77,176.51,356.06,140.1,121.84,47.56,161.38,2
349.13,89.96,12.09,175.77,356.06,140.74,120.67,47.56,161.5,2
347.76,89.96,11.77,176.51,356.06,140.1,121.25,47.96,161.42,2
349.13,90.46,11.77,176.51,356.06,140.1,121.25,47.96,161.66,2
347.76,89.96,11.45,176.51,356.06,140.74,121.25,48.36,161.51,2
347.76,89.96,11.77,176.51,354.66,140.1,121.84,47.96,161.32,2
349.13,89.96,12.09,176.51,354.66,139.47,121.84,47.96,161.45,2
347.76,89.96,11.77,176.51,354.66,139.47,121.84,48.36,161.29,2
349.13,89.96,12.09,175.77,354.66,139.47,121.25,48.36,161.34,2
347.76,89.96,12.09,176.51,353.27,138.84,121.25,47.96,160.96,2
347.76,90.46,11.77,175.77,353.27,138.84,121.25,48.36,160.94,2
347.76,89.96,11.77,176.51,353.27,137.58,121.84,48.36,160.88,2
347.76,89.46,11.77,175.77,354.66,138.21,121.84,47.96,160.93,2
349.13,89.46,11.45,175.77,353.27,136.95,121.84,48.76,160.83,2
347.76,89.46,11.77,175.77,350.51,137.58,121.84,47.96,160.33,2
347.76,89.46,11.77,175.03,349.13,136.33,121.84,48.36,159.96,2
347.76,88.96,11.45,175.77,350.51,135.7,121.84,48.36,160.04,2
347.76,88.96,12.09,175.77,349.13,136.33,121.84,48.36,160.03,2
347.76,88.96,11.45,175.77,347.76,136.33,122.42,48.36,159.85,2
349.13,88.96,11.77,175.77,349.13,136.33,121.84,47.96,160.11,2
349.13,88.46,11.77,175.03,347.76,135.7,121.25,48.76,159.73,2
347.76,88.96,11.45,175.03,349.13,136.95,121.84,48.36,159.94,2
347.76,88.96,11.45,175.77,349.13,136.33,121.84,48.76,160,2
347.76,88.96,11.45,175.03,349.13,136.33,121.84,48.36,159.86,2
347.76,88.46,11.77,175.03,349.13,136.33,121.84,48.36,159.84,2
347.76,88.46,11.45,175.77,349.13,136.33,121.84,47.96,159.84,2
347.76,87.97,12.09,175.03,347.76,136.33,121.84,48.36,159.64,2
346.4,87.97,11.77,175.03,347.76,135.7,121.25,47.96,159.23,2
347.76,88.46,11.77,175.03,346.4,135.7,121.25,48.76,159.39,2
347.76,88.46,11.77,175.03,347.76,135.7,121.84,48.76,159.64,2
347.76,88.46,11.77,174.29,346.4,135.08,121.25,48.76,159.22,2
347.76,87.97,11.77,174.29,347.76,135.7,120.67,48.36,159.29,2
346.4,87.97,11.77,175.03,347.76,135.08,121.25,48.76,159.25,2
347.76,87.47,11.77,174.29,349.13,135.08,120.67,48.76,159.37,2
361.71,191.06,132,290.46,339.67,211.59,226.55,113.25,233.29,3
360.29,191.06,133.23,291.6,342.35,211.59,225.65,113.25,233.63,3
360.29,191.85,133.23,291.6,341.01,211.59,225.65,113.82,233.63,3
361.71,191.85,133.84,292.74,342.35,211.59,227.46,113.25,234.35,3
363.14,192.64,135.08,292.74,343.69,212.45,226.55,114.38,235.08,3
361.71,192.64,137.58,292.74,345.04,212.45,226.55,113.82,235.32,3
361.71,192.64,138.84,293.89,345.04,213.31,226.55,113.82,235.72,3
361.71,192.64,139.47,293.89,347.76,213.31,226.55,113.82,236.14,3
361.71,193.43,139.47,293.89,349.13,212.45,226.55,113.82,236.31,3
361.71,193.43,140.1,295.04,349.13,212.45,226.55,114.38,236.6,3
361.71,194.23,140.74,296.2,350.51,212.45,227.46,114.38,237.21,3
361.71,194.23,140.74,295.04,349.13,212.45,227.46,114.38,236.89,3
363.14,195.03,142.02,296.2,350.51,213.31,226.55,114.38,237.64,3
363.14,195.83,142.02,296.2,351.89,213.31,226.55,114.38,237.91,3
363.14,195.83,142.02,297.36,351.89,213.31,227.46,114.38,238.17,3
363.14,195.83,142.66,297.36,351.89,213.31,225.65,113.82,237.96,3
363.14,196.64,143.3,296.2,353.27,213.31,226.55,113.82,238.28,3
363.14,197.45,143.3,297.36,351.89,212.45,225.65,114.38,238.2,3
363.14,196.64,142.66,297.36,351.89,213.31,225.65,114.38,238.13,3
364.57,197.45,143.3,297.36,353.27,213.31,225.65,114.38,238.66,3
366.01,198.26,143.95,296.2,351.89,212.45,225.65,113.82,238.53,3
364.57,199.07,143.95,297.36,353.27,213.31,225.65,113.82,238.87,3
364.57,199.89,144.59,297.36,353.27,213.31,225.65,114.94,239.2,3
366.01,200.7,144.59,297.36,353.27,213.31,226.55,114.38,239.52,3
364.57,200.7,146.55,297.36,354.66,213.31,226.55,114.94,239.83,3
363.14,201.53,147.86,298.52,356.06,213.31,226.55,114.94,240.24,3
363.14,201.53,148.52,299.69,356.06,214.17,227.46,116.08,240.83,3
363.14,201.53,148.52,298.52,357.47,214.17,230.2,116.65,241.27,3
363.14,202.35,149.18,298.52,357.47,213.31,230.2,117.79,241.49,3
363.14,202.35,149.18,299.69,357.47,215.03,230.2,117.22,241.78,3
364.57,203.18,149.18,299.69,357.47,214.17,229.28,117.79,241.91,3
364.57,202.35,149.84,299.69,357.47,214.17,230.2,117.22,241.94,3
364.57,202.35,149.84,299.69,358.87,214.17,230.2,118.36,242.26,3
364.57,202.35,150.5,299.69,358.87,214.17,230.2,117.22,242.2,3
364.57,203.18,150.5,299.69,360.29,213.31,231.12,118.36,242.63,3
364.57,203.18,151.17,299.69,360.29,215.03,231.12,117.79,242.85,3
366.01,203.18,151.17,299.69,360.29,214.17,230.2,117.22,242.74,3
366.01,203.18,151.84,299.69,361.71,214.17,230.2,117.79,243.07,3
367.46,203.18,151.84,300.87,361.71,214.17,230.2,117.79,243.4,3
368.91,203.18,151.84,299.69,361.71,214.17,230.2,117.79,243.43,3
368.91,204,151.17,300.87,361.71,214.17,230.2,118.94,243.75,3
368.91,204,151.84,299.69,363.14,214.17,230.2,117.79,243.72,3
368.91,203.18,151.84,300.87,363.14,214.17,230.2,118.36,243.83,3
368.91,203.18,151.17,299.69,361.71,215.03,231.12,118.36,243.65,3
368.91,204,151.84,300.87,361.71,215.03,231.12,118.36,243.98,3
368.91,204.84,151.84,299.69,361.71,215.03,231.12,118.36,243.94,3
368.91,204,151.84,300.87,361.71,214.17,230.2,118.94,243.83,3
368.91,204,151.84,299.69,361.71,213.31,231.12,117.79,243.55,3
370.37,204,151.84,299.69,363.14,214.17,230.2,118.36,243.97,3
368.91,204,151.17,300.87,363.14,213.31,230.2,117.22,243.6,3
368.91,204,151.84,300.87,363.14,212.45,230.2,117.22,243.58,3
368.91,204,151.84,300.87,363.14,212.45,229.28,117.22,243.46,3
368.91,204.84,152.51,299.69,363.14,212.45,230.2,116.65,243.55,3
368.91,204,151.84,300.87,363.14,213.31,229.28,116.65,243.5,3
368.91,204.84,152.51,299.69,361.71,214.17,229.28,117.22,243.54,3
368.91,204,152.51,300.87,363.14,213.31,230.2,116.65,243.7,3
368.91,204.84,153.18,300.87,363.14,213.31,229.28,116.65,243.77,3
368.91,204.84,153.18,299.69,363.14,213.31,230.2,116.65,243.74,3
368.91,205.67,153.18,300.87,364.57,213.31,231.12,116.65,244.28,3
370.37,205.67,153.18,300.87,363.14,213.31,231.12,116.65,244.29,3
370.37,205.67,153.18,300.87,364.57,213.31,230.2,116.65,244.35,3
370.37,205.67,153.18,300.87,366.01,213.31,230.2,117.22,244.6,3
370.37,204.84,151.84,300.87,364.57,213.31,230.2,116.65,244.08,3
370.37,205.67,152.51,300.87,364.57,212.45,229.28,116.65,244.04,3
370.37,205.67,152.51,300.87,366.01,213.31,230.2,117.22,244.52,3
370.37,205.67,152.51,299.69,364.57,212.45,229.28,116.65,243.9,3
370.37,205.67,152.51,300.87,364.57,212.45,228.37,117.22,244,3
370.37,205.67,152.51,300.87,364.57,212.45,229.28,116.65,244.04,3
370.37,205.67,152.51,300.87,366.01,212.45,229.28,116.65,244.22,3
370.37,205.67,153.18,299.69,364.57,212.45,229.28,116.65,243.98,3
370.37,205.67,153.18,300.87,364.57,212.45,229.28,116.65,244.13,3
371.84,205.67,152.51,302.04,364.57,212.45,229.28,116.65,244.38,3
370.37,206.51,152.51,300.87,366.01,212.45,230.2,117.22,244.52,3
370.37,205.67,152.51,300.87,364.57,212.45,229.28,116.65,244.04,3
370.37,205.67,152.51,302.04,364.57,212.45,229.28,116.65,244.19,3
370.37,205.67,152.51,300.87,364.57,212.45,229.28,116.65,244.04,3
370.37,205.67,152.51,300.87,364.57,210.73,228.37,117.22,243.79,3
370.37,204.84,152.51,300.87,364.57,211.59,228.37,116.65,243.72,3
370.37,205.67,151.84,300.87,364.57,211.59,227.46,116.65,243.63,3
370.37,204.84,151.17,300.87,364.57,210.73,228.37,116.65,243.45,3
370.37,205.67,151.84,300.87,367.46,211.59,227.46,116.65,243.99,3
370.37,204.84,151.84,300.87,366.01,210.73,226.55,116.08,243.41,3
368.91,204.84,151.84,300.87,364.57,209.88,226.55,116.08,242.94,3
370.37,204,150.5,299.69,366.01,209.88,222.95,115.51,242.37,3
368.91,204.84,149.84,299.69,366.01,209.04,222.06,115.51,241.99,3
368.91,204,149.18,299.69,366.01,209.04,222.95,114.94,241.84,3
368.91,204.84,149.18,299.69,366.01,209.04,222.95,114.94,241.94,3
368.91,204,149.84,299.69,366.01,208.19,222.95,114.94,241.82,3
370.37,204,149.18,299.69,366.01,208.19,222.95,115.51,241.99,3
368.91,204,149.18,299.69,367.46,209.88,222.95,115.51,242.2,3
368.91,204.84,149.84,299.69,367.46,209.04,223.85,115.51,242.39,3
368.91,204,149.84,300.87,367.46,209.04,223.85,115.51,242.43,3
368.91,204.84,149.84,299.69,367.46,208.19,222.95,115.51,242.17,3
368.91,204.84,150.5,299.69,367.46,208.19,223.85,115.51,242.37,3
368.91,205.67,150.5,300.87,367.46,208.19,222.95,115.51,242.51,3
370.37,204.84,150.5,299.69,367.46,208.19,222.95,115.51,242.44,3
370.37,205.67,149.84,299.69,367.46,208.19,222.95,116.08,242.53,3
370.37,204.84,150.5,299.69,367.46,208.19,222.95,115.51,242.44,3
370.37,205.67,150.5,300.87,367.46,208.19,222.95,116.08,242.76,3
370.37,205.67,151.17,299.69,368.91,208.19,223.85,116.08,242.99,3
370.37,207.35,151.84,299.69,368.91,208.19,223.85,115.51,243.21,3
370.37,206.51,151.17,299.69,367.46,207.35,223.85,116.08,242.81,3
370.37,206.51,151.17,299.69,370.37,207.35,223.85,115.51,243.1,3
368.91,206.51,151.84,299.69,368.91,207.35,223.85,115.51,242.82,3
370.37,206.51,151.84,299.69,370.37,206.51,223.85,115.51,243.08,3
368.91,207.35,151.84,299.69,368.91,207.35,224.74,114.94,242.97,3
370.37,207.35,151.17,299.69,368.91,206.51,225.65,115.51,243.14,3
370.37,207.35,151.84,299.69,370.37,206.51,224.74,115.51,243.3,3
370.37,207.35,151.84,299.69,371.84,207.35,225.65,115.51,243.7,3
370.37,208.19,151.17,300.87,370.37,205.67,224.74,115.51,243.36,3
370.37,207.35,151.84,299.69,370.37,206.51,224.74,114.94,243.23,3
370.37,208.19,151.84,300.87,370.37,206.51,223.85,115.51,243.44,3
370.37,207.35,151.84,299.69,370.37,205.67,223.85,115.51,243.08,3
370.37,207.35,151.17,299.69,370.37,205.67,224.74,115.51,243.11,3
370.37,207.35,151.17,300.87,370.37,205.67,223.85,115.51,243.14,3
370.37,208.19,151.84,299.69,370.37,205.67,223.85,115.51,243.19,3
370.37,208.19,151.84,300.87,370.37,206.51,222.95,114.94,243.25,3
370.37,208.19,151.84,299.69,370.37,205.67,222.95,114.94,243,3
370.37,209.04,151.84,300.87,370.37,205.67,222.95,114.94,243.26,3
370.37,208.19,151.84,300.87,370.37,204.84,223.85,114.38,243.09,3
370.37,209.04,151.84,299.69,371.84,204.84,223.85,114.94,243.3,3
370.37,209.04,151.17,300.87,370.37,205.67,223.85,114.94,243.28,3
370.37,209.04,152.51,300.87,370.37,204.84,222.95,115.51,243.31,3
370.37,209.88,152.51,299.69,370.37,204.84,223.85,114.94,243.31,3
368.91,210.73,151.84,299.69,370.37,204.84,222.95,115.51,243.11,3
370.37,209.88,152.51,299.69,370.37,204.84,223.85,115.51,243.38,3
370.37,209.88,151.84,299.69,370.37,205.67,223.85,115.51,243.4,3
370.37,210.73,151.84,299.69,370.37,205.67,224.74,116.08,243.69,3
370.37,210.73,151.84,299.69,370.37,205.67,222.95,117.22,243.61,3
371.84,209.88,152.51,299.69,371.84,206.51,224.74,117.22,244.28,3
370.37,210.73,152.51,300.87,370.37,206.51,225.65,117.79,244.35,3
370.37,211.59,153.18,300.87,371.84,206.51,226.55,117.79,244.84,3
370.37,211.59,153.18,300.87,373.31,206.51,227.46,117.79,245.13,3
370.37,211.59,153.18,300.87,371.84,207.35,226.55,118.36,245.01,3
371.84,212.45,153.85,300.87,373.31,207.35,226.55,118.36,245.57,3
370.37,212.45,153.85,303.23,371.84,207.35,227.46,118.36,245.61,3
370.37,212.45,155.2,302.04,373.31,208.19,227.46,118.36,245.92,3
370.37,212.45,154.53,302.04,373.31,208.19,227.46,118.94,245.91,3
371.84,213.31,154.53,302.04,371.84,207.35,227.46,118.36,245.84,3
370.37,212.45,154.53,303.23,371.84,207.35,226.55,118.36,245.58,3
370.37,213.31,154.53,302.04,374.78,207.35,227.46,118.94,246.1,3
371.84,213.31,154.53,302.04,374.78,207.35,227.46,118.36,246.21,3
371.84,213.31,155.2,302.04,373.31,207.35,226.55,118.94,246.07,3
371.84,214.17,155.2,302.04,374.78,207.35,228.37,118.36,246.51,3
371.84,214.17,155.2,302.04,373.31,206.51,226.55,118.36,246,3
371.84,215.03,155.2,302.04,373.31,206.51,225.65,118.36,245.99,3
371.84,215.03,155.2,303.23,373.31,206.51,225.65,118.94,246.21,3
371.84,215.9,155.88,303.23,373.31,206.51,225.65,118.94,246.41,3
371.84,215.03,155.2,302.04,374.78,206.51,225.65,120.09,246.39,3
371.84,215.03,155.2,302.04,373.31,206.51,225.65,119.51,246.14,3
371.84,215.9,155.88,302.04,371.84,205.67,226.55,119.51,246.15,3
371.84,215.03,155.2,303.23,373.31,205.67,226.55,119.51,246.29,3
371.84,215.03,155.2,303.23,374.78,206.51,226.55,118.94,246.51,3
371.84,214.17,155.2,303.23,373.31,205.67,226.55,118.94,246.11,3
371.84,215.03,155.88,304.42,373.31,206.51,226.55,120.09,246.7,3
371.84,215.03,156.57,303.23,373.31,205.67,225.65,118.36,246.21,3
371.84,215.03,155.88,302.04,373.31,205.67,226.55,118.94,246.16,3
371.84,215.03,157.25,303.23,374.78,206.51,225.65,118.94,246.65,3
373.31,215.9,156.57,303.23,371.84,205.67,226.55,118.94,246.5,3
373.31,215.03,156.57,303.23,373.31,205.67,226.55,118.94,246.57,3
373.31,216.77,155.88,302.04,373.31,205.67,226.55,119.51,246.63,3
371.84,215.9,156.57,302.04,371.84,205.67,226.55,118.36,246.1,3
371.84,216.77,155.88,303.23,373.31,206.51,226.55,118.36,246.56,3
371.84,215.9,156.57,302.04,373.31,205.67,226.55,118.94,246.35,3
373.31,216.77,156.57,302.04,373.31,205.67,226.55,118.94,246.64,3
371.84,215.9,155.88,300.87,371.84,206.51,225.65,118.36,245.85,3
371.84,215.9,156.57,302.04,371.84,206.51,227.46,118.94,246.39,3
371.84,216.77,157.25,302.04,373.31,206.51,228.37,118.36,246.81,3
373.31,216.77,157.25,302.04,373.31,206.51,227.46,117.79,246.8,3
373.31,216.77,157.25,302.04,373.31,206.51,227.46,117.79,246.8,3
371.84,216.77,157.25,303.23,373.31,206.51,227.46,118.36,246.84,3
371.84,216.77,157.25,302.04,373.31,206.51,228.37,118.94,246.88,3
373.31,217.65,157.94,302.04,373.31,206.51,227.46,117.79,247,3
373.31,216.77,157.25,302.04,374.78,206.51,227.46,118.36,247.06,3
373.31,217.65,157.94,302.04,374.78,206.51,227.46,118.36,247.26,3
373.31,217.65,157.94,303.23,373.31,206.51,228.37,117.79,247.26,3
373.31,217.65,158.62,302.04,373.31,206.51,228.37,118.36,247.27,3
373.31,217.65,157.94,302.04,373.31,205.67,227.46,118.36,246.97,3
373.31,217.65,158.62,302.04,374.78,205.67,228.37,118.36,247.35,3
373.31,216.77,158.62,302.04,373.31,206.51,227.46,118.36,247.05,3
374.78,218.52,157.94,302.04,373.31,205.67,227.46,118.36,247.26,3
373.31,217.65,158.62,302.04,373.31,205.67,227.46,117.79,246.98,3
373.31,217.65,158.62,302.04,373.31,205.67,227.46,118.36,247.05,3
373.31,217.65,159.31,302.04,373.31,204.84,227.46,118.36,247.03,3
373.31,217.65,159.31,302.04,373.31,205.67,227.46,117.79,247.07,3
374.78,217.65,159.31,302.04,373.31,204.84,227.46,118.36,247.22,3
373.31,218.52,159.31,302.04,373.31,204.84,228.37,118.36,247.26,3
373.31,217.65,158.62,303.23,373.31,204.84,227.46,117.79,247.02,3
373.31,217.65,159.31,302.04,373.31,204,226.55,118.36,246.82,3
373.31,217.65,159.31,300.87,373.31,204,227.46,118.36,246.78,3
373.31,217.65,159.31,300.87,373.31,204,227.46,118.36,246.78,3
373.31,217.65,159.31,302.04,373.31,204,226.55,118.36,246.82,3
373.31,217.65,159.31,300.87,374.78,203.18,225.65,117.79,246.57,3
373.31,217.65,159.31,302.04,373.31,204,225.65,117.22,246.56,3
373.31,217.65,158.62,302.04,373.31,203.18,225.65,117.79,246.44,3
373.31,216.77,158.62,302.04,373.31,203.18,226.55,117.79,246.45,3
373.31,216.77,158.62,302.04,373.31,204,227.46,117.79,246.66,3
373.31,217.65,159.31,302.04,373.31,202.35,229.28,118.36,246.95,3
373.31,217.65,158.62,302.04,371.84,203.18,227.46,117.79,246.48,3
373.31,217.65,159.31,302.04,373.31,202.35,228.37,118.36,246.84,3
219.4,24.48,4.54,87.47,172.09,131.39,152.51,55.71,105.95,0
220.29,24.83,4.23,87.47,172.82,131.39,152.51,56.55,106.26,0
220.29,24.83,4.85,87.97,172.09,131.39,152.51,55.71,106.2,0
220.29,24.83,4.54,88.46,172.09,130.78,151.84,54.88,105.96,0
221.17,25.18,4.54,88.46,171.36,131.39,152.51,55.3,106.24,0
220.29,24.83,4.23,87.97,171.36,131.39,152.51,56.13,106.09,0
220.29,25.18,4.23,88.46,172.09,130.78,152.51,55.71,106.16,0
221.17,25.18,4.54,88.46,172.82,130.78,152.51,55.71,106.4,0
220.29,25.18,4.54,87.47,172.82,130.78,152.51,56.13,106.21,0
220.29,24.83,4.54,87.97,173.56,130.78,152.51,55.71,106.27,0
220.29,25.53,4.54,87.97,172.82,130.78,153.18,55.71,106.35,0
220.29,24.83,4.23,87.47,172.09,131.39,153.18,55.71,106.15,0
220.29,24.83,4.54,87.97,173.56,131.39,152.51,56.13,106.4,0
219.4,25.18,4.54,87.97,172.82,130.78,153.18,56.13,106.25,0
219.4,24.83,4.54,87.97,171.36,131.39,153.18,55.71,106.05,0
219.4,25.18,4.54,87.47,171.36,131.39,152.51,56.13,106,0
220.29,24.83,4.23,87.97,172.82,131.39,153.18,55.71,106.3,0
219.4,25.18,4.23,87.97,172.82,131.39,153.18,56.13,106.29,0
220.29,24.83,4.23,87.97,172.82,131.39,153.18,56.13,106.35,0
220.29,24.83,4.54,87.97,172.82,131.39,153.18,56.13,106.39,0
220.29,25.18,4.23,87.97,172.82,131.39,153.18,56.13,106.4,0
220.29,24.83,4.54,87.47,172.82,131.39,153.18,55.71,106.28,0
220.29,25.18,4.23,87.97,172.82,131.39,152.51,55.71,106.26,0
219.4,24.83,4.54,87.47,172.09,131.39,152.51,55.3,105.94,0
220.29,24.48,4.23,87.97,174.29,131.39,152.51,55.71,106.36,0
220.29,24.83,4.23,87.47,174.29,131.39,152.51,55.71,106.34,0
221.17,24.83,4.54,87.97,173.56,131.39,152.51,55.71,106.46,0
219.4,24.83,4.85,87.97,172.82,130.78,152.51,55.71,106.11,0
219.4,24.48,4.54,87.47,173.56,130.78,152.51,55.71,106.06,0
219.4,24.83,4.54,86.98,172.82,130.78,153.18,55.3,105.98,0
219.4,24.83,4.54,87.47,172.82,130.78,153.18,55.71,106.09,0
219.4,25.18,4.23,87.97,173.56,130.78,152.51,55.71,106.17,0
219.4,24.83,4.54,87.47,172.82,130.78,152.51,55.3,105.96,0
220.29,25.18,4.23,87.47,173.56,130.78,152.51,55.3,106.16,0
219.4,25.18,4.54,87.47,172.82,131.39,152.51,54.47,105.97,0
219.4,24.83,4.54,87.47,172.82,130.78,153.85,56.13,106.23,0
219.4,24.83,3.93,87.47,173.56,131.39,152.51,55.3,106.05,0
219.4,24.83,4.54,87.97,172.82,131.39,152.51,55.71,106.15,0
219.4,25.18,4.85,87.97,173.56,131.39,152.51,54.88,106.22,0
219.4,25.18,4.54,86.98,173.56,131.39,153.18,55.3,106.19,0
219.4,25.18,4.54,87.47,174.29,131.39,153.18,55.71,106.4,0
219.4,25.18,4.23,87.47,173.56,131.39,153.18,55.71,106.27,0
219.4,25.18,4.23,86.98,173.56,131.39,153.18,55.3,106.15,0
220.29,24.83,4.54,87.47,173.56,131.39,153.18,55.71,106.37,0
219.4,25.18,4.23,87.47,172.82,130.78,153.18,55.71,106.1,0
220.29,24.83,4.54,87.97,171.36,131.39,153.18,54.88,106.05,0
220.29,24.83,4.23,87.47,171.36,131.39,153.18,54.88,105.95,0
220.29,24.83,4.54,87.47,172.09,131.39,153.18,54.88,106.08,0
221.17,24.83,3.93,86.98,172.09,131.39,153.18,54.88,106.06,0
220.29,24.48,4.23,86.98,171.36,130.78,153.85,54.88,105.86,0
220.29,23.09,4.23,87.47,172.09,130.78,153.18,55.3,105.8,0
220.29,23.09,4.54,87.97,172.82,130.78,153.85,54.88,106.03,0
220.29,22.4,4.23,87.47,172.09,131.39,153.18,55.3,105.79,0
220.29,22.06,4.85,87.47,172.09,130.78,154.53,54.05,105.76,0
220.29,22.75,4.54,87.97,170.64,130.78,153.85,54.05,105.61,0
220.29,23.09,3.93,87.47,171.36,130.78,153.18,55.3,105.67,0
221.17,22.06,4.23,87.97,171.36,130.17,152.51,55.3,105.6,0
220.29,22.75,4.23,88.46,171.36,130.17,153.18,54.88,105.67,0
220.29,22.75,4.23,87.97,172.09,130.17,153.18,55.3,105.75,0
220.29,23.09,4.54,88.96,172.09,130.78,153.85,55.3,106.11,0
221.17,23.09,4.54,88.46,172.09,130.78,153.85,55.3,106.16,0
220.29,23.09,4.23,88.46,172.09,130.78,153.18,55.3,105.93,0
220.29,25.18,4.23,88.46,172.82,130.78,153.85,54.88,106.31,0
221.17,24.48,4.23,89.46,172.82,131.39,152.51,55.3,106.42,0
222.06,24.48,4.23,88.96,172.09,131.39,153.18,55.3,106.46,0
222.95,24.83,4.85,89.46,172.82,130.78,153.18,55.71,106.82,0
222.06,25.53,4.23,89.46,172.82,131.39,153.18,55.71,106.8,0
221.17,25.18,4.85,89.96,173.56,132,153.85,55.3,106.98,0
222.06,24.83,4.54,90.46,173.56,132,153.18,55.3,106.99,0
222.06,25.53,4.23,90.46,173.56,132,152.51,55.3,106.95,0
221.17,25.53,4.85,89.46,173.56,131.39,153.18,55.71,106.85,0
222.06,25.88,4.54,90.46,173.56,131.39,152.51,55.71,107.01,0
222.06,25.53,4.23,90.46,173.56,131.39,153.85,56.13,107.15,0
222.06,25.53,4.54,90.46,173.56,131.39,153.18,56.55,107.16,0
221.17,25.53,4.23,90.46,173.56,132,153.18,56.13,107.03,0
221.17,25.53,4.54,90.96,173.56,132,153.85,56.97,107.32,0
222.06,25.53,4.85,90.96,173.56,132,153.85,56.13,107.37,0
221.17,25.53,4.85,90.46,173.56,132,153.85,56.55,107.24,0
222.06,25.53,4.54,90.46,173.56,132,153.85,56.13,107.27,0
221.17,25.88,4.54,90.46,173.56,132,153.85,57.39,107.36,0
221.17,25.53,4.85,90.46,174.29,132,153.85,57.39,107.44,0
220.29,25.53,4.54,90.46,173.56,132,155.2,57.39,107.37,0
220.29,25.88,4.85,90.46,172.82,132,155.2,56.97,107.31,0
221.17,25.18,4.54,90.96,172.82,132.61,155.88,57.39,107.57,0
221.17,25.18,4.23,89.96,172.82,131.39,155.2,57.81,107.22,0
220.29,25.53,5.15,90.46,172.82,132,155.2,56.97,107.3,0
221.17,25.53,4.85,90.46,172.09,131.39,154.53,56.97,107.12,0
220.29,25.53,4.54,90.96,172.82,132,155.2,57.39,107.34,0
221.17,25.53,4.23,90.46,172.09,132,154.53,57.39,107.17,0
221.17,25.18,4.54,90.46,172.09,132,155.2,56.97,107.2,0
221.17,25.53,4.54,90.96,170.64,132,155.88,56.97,107.21,0
221.17,25.88,4.54,89.96,169.91,132.61,155.2,57.39,107.08,0
221.17,25.18,4.54,90.46,171.36,132,154.53,57.81,107.13,0
221.17,25.53,4.54,89.96,172.09,132,155.2,57.81,107.29,0
221.17,25.88,4.54,90.46,171.36,132,155.2,57.39,107.25,0
221.17,25.88,4.54,90.46,171.36,132,155.2,57.39,107.25,0
222.06,25.53,4.54,90.46,171.36,132,155.2,57.39,107.32,0
222.06,25.18,4.85,90.96,171.36,132,155.2,57.39,107.38,0
222.06,25.88,4.54,90.46,171.36,132,155.88,57.39,107.45,0
221.17,25.53,4.54,90.96,170.64,132,155.2,57.81,107.23,0
221.17,25.88,4.54,90.46,170.64,132,154.53,57.81,107.13,0
221.17,25.88,4.85,90.46,171.36,132,155.88,57.39,107.37,0
222.06,25.88,4.85,90.46,171.36,132,156.57,57.39,107.57,0
222.95,25.88,4.54,90.96,171.36,132,155.88,58.23,107.73,0
222.95,25.88,4.23,90.46,170.64,132,155.88,57.39,107.43,0
222.06,25.53,4.85,90.96,170.64,132,155.88,57.39,107.41,0
222.06,25.88,4.54,90.46,169.91,132,155.88,57.39,107.27,0
222.06,25.88,4.23,90.46,169.91,132,155.88,57.39,107.23,0
221.17,25.88,4.23,90.96,169.91,132,156.57,57.81,107.32,0
221.17,25.53,4.23,90.46,169.91,131.39,155.88,57.81,107.05,0
221.17,25.88,4.54,90.46,169.91,132,155.88,57.39,107.15,0
221.17,25.88,4.54,90.46,169.91,132.61,156.57,57.39,107.32,0
221.17,25.88,4.54,90.96,169.91,131.39,156.57,57.81,107.28,0
221.17,25.88,4.54,90.46,169.19,131.39,156.57,57.39,107.07,0
221.17,25.88,4.54,90.46,169.19,132,155.88,57.81,107.12,0
222.06,25.53,4.54,90.46,169.19,132,155.88,57.39,107.13,0
221.17,26.23,4.54,90.46,169.91,132.61,155.88,57.81,107.33,0
222.06,25.88,4.54,90.46,169.91,132.61,155.88,57.39,107.34,0
222.06,25.53,4.85,90.46,169.19,132,155.2,57.81,107.14,0
222.06,25.88,4.54,90.96,169.91,132,155.2,57.39,107.24,0
222.06,25.53,4.85,90.46,169.91,132,155.2,57.39,107.18,0
222.06,26.23,4.23,90.46,169.91,131.39,155.2,56.97,107.06,0
222.95,25.88,4.54,89.96,170.64,132,155.2,56.97,107.27,0
222.95,25.53,4.54,89.96,170.64,132,155.2,56.97,107.22,0
222.06,25.88,4.54,89.96,169.19,132,155.88,56.97,107.06,0
222.95,25.88,4.23,89.46,169.91,131.39,155.2,56.97,107,0
222.95,25.88,4.54,89.96,169.19,132,155.2,56.97,107.09,0
222.06,25.88,4.54,89.96,169.19,132,155.88,56.97,107.06,0
222.06,25.18,4.54,89.96,169.91,132,155.88,56.97,107.06,0
221.17,25.88,4.54,89.46,169.19,132,155.88,56.55,106.83,0
221.17,25.53,4.23,90.46,169.19,132,155.2,56.97,106.84,0
221.17,25.18,4.54,89.96,168.47,131.39,155.2,56.97,106.61,0
221.17,25.53,4.85,89.96,168.47,132,155.2,56.55,106.72,0
222.06,25.53,4.85,90.46,169.19,131.39,155.2,56.97,106.96,0
222.06,25.53,4.54,89.96,169.19,132,155.2,56.97,106.93,0
222.06,25.18,4.85,89.96,168.47,131.39,154.53,56.97,106.67,0
222.06,25.18,4.54,90.46,168.47,132,155.2,56.55,106.81,0
222.06,25.53,4.54,89.96,167.76,131.39,154.53,56.55,106.54,0
221.17,25.53,4.23,90.46,167.76,131.39,155.2,56.97,106.59,0
222.06,25.53,4.85,90.46,168.47,131.39,155.2,56.55,106.81,0
221.17,25.53,4.54,89.96,168.47,131.39,155.2,56.55,106.6,0
222.06,25.18,4.54,90.46,168.47,131.39,155.2,57.39,106.84,0
222.06,25.18,3.93,89.96,168.47,131.39,156.57,57.39,106.87,0
222.06,25.88,4.54,89.96,168.47,131.39,155.88,56.97,106.89,0
222.06,25.53,4.54,90.46,167.76,131.39,155.88,56.13,106.72,0
221.17,25.18,4.23,89.96,167.04,130.78,155.2,56.13,106.21,0
222.06,25.53,4.85,90.46,166.33,132,155.2,56.55,106.62,0
222.06,25.53,4.23,90.46,167.04,131.39,154.53,56.13,106.42,0
221.17,25.18,4.54,90.46,167.04,131.39,154.53,56.13,106.3,0
222.06,25.18,4.23,90.46,167.04,130.78,155.2,56.13,106.39,0
222.06,25.53,4.54,89.96,167.04,130.78,155.88,55.71,106.44,0
222.06,23.78,4.85,90.46,166.33,131.39,154.53,56.55,106.24,0
222.06,24.13,4.23,89.96,166.33,131.39,155.2,56.13,106.18,0
222.06,23.78,4.23,89.96,165.62,130.78,154.53,56.55,105.94,0
221.17,23.44,4.54,89.96,165.62,130.78,155.88,56.13,105.94,0
221.17,23.44,4.23,89.96,166.33,131.39,155.2,55.71,105.93,0
222.06,23.44,4.23,89.96,164.91,130.78,155.2,56.13,105.84,0
221.17,23.09,4.54,89.96,165.62,130.78,155.2,56.13,105.81,0
221.17,23.44,4.23,89.96,165.62,130.78,155.2,56.13,105.82,0
222.06,23.44,4.85,89.96,166.33,130.17,155.2,55.71,105.97,0
222.06,23.09,4.23,89.46,166.33,130.17,155.2,55.71,105.78,0
222.06,23.44,4.54,89.96,165.62,130.17,155.88,55.71,105.92,0
222.06,23.09,4.54,90.46,165.62,130.17,155.88,56.13,105.99,0
222.06,23.44,4.23,89.96,164.91,130.17,155.88,56.13,105.85,0
222.06,23.09,4.54,89.96,165.62,130.78,155.88,55.71,105.96,0
222.06,23.44,4.54,89.96,165.62,130.17,155.88,56.13,105.97,0
222.06,24.13,4.54,89.96,166.33,130.17,156.57,56.13,106.24,0
221.17,23.44,4.54,90.96,166.33,130.78,155.88,56.13,106.15,0
222.06,24.13,4.54,89.96,167.04,130.78,155.2,56.13,106.23,0
222.95,24.13,4.85,89.96,167.04,130.78,155.88,56.97,106.57,0
222.06,25.53,4.54,90.46,167.76,130.78,155.88,57.81,106.85,0
222.95,25.88,5.15,90.46,167.04,131.39,155.88,57.81,107.07,0
222.95,25.53,4.54,89.96,167.04,131.39,155.88,57.81,106.89,0
222.95,26.23,4.54,90.46,167.04,131.39,155.2,58.23,107.01,0
222.95,25.88,4.23,90.46,167.04,132,155.2,57.81,106.95,0
223.85,26.23,4.85,90.96,166.33,131.39,156.57,58.23,107.3,0
222.95,25.88,4.85,90.96,165.62,131.39,155.88,58.23,106.97,0
222.95,25.88,4.85,90.46,166.33,131.39,155.2,58.66,106.96,0
222.95,26.23,4.85,90.46,167.04,131.39,154.53,58.23,106.96,0
222.95,26.23,4.54,91.46,166.33,132,155.2,58.23,107.12,0
222.95,25.88,4.85,90.96,166.33,131.39,155.88,58.23,107.06,0
222.95,26.23,4.85,91.46,167.04,132,155.88,58.66,107.38,0
223.85,26.23,4.54,90.96,166.33,131.39,155.2,58.66,107.14,0
222.95,26.23,4.54,90.96,165.62,132,155.88,58.66,107.1,0
222.95,25.88,4.85,90.96,165.62,131.39,155.88,58.23,106.97,0
222.95,26.23,4.23,91.46,167.04,131.39,155.88,58.23,107.18,0
222.95,26.93,4.85,90.96,167.04,131.39,155.2,58.66,107.25,0
222.95,26.23,4.85,90.96,167.76,131.39,155.88,58.23,107.28,0
222.95,25.88,4.85,91.46,167.76,131.39,155.88,57.81,107.25,0
223.85,26.58,4.85,91.46,167.04,132,156.57,56.55,107.36,0
222.95,26.58,4.54,90.96,167.04,132,156.57,58.66,107.41,0
222.95,26.58,4.85,90.96,167.04,132,156.57,58.66,107.45,0
223.85,26.23,4.54,90.46,167.04,132,156.57,58.23,107.36,0
223.85,26.23,4.54,90.96,165.62,131.39,155.88,58.66,107.14,0
223.85,26.58,4.23,90.96,164.91,131.39,156.57,58.23,107.09,0
222.95,26.23,4.85,90.46,165.62,132,157.25,58.66,107.25,0
222.95,26.58,4.23,90.96,166.33,131.39,156.57,58.66,107.21,0
222.95,26.23,4.54,90.96,166.33,131.39,155.88,58.23,107.06,0
223.85,26.23,4.85,90.46,165.62,132,157.25,59.08,107.42,0
222.95,26.23,4.54,91.46,166.33,131.39,155.88,58.66,107.18,0
388.38,242.4,153.85,239.54,357.47,247.25,288.19,128.96,255.76,1
388.38,242.4,154.53,239.54,356.06,248.23,288.19,128.96,255.79,1
388.38,242.4,155.2,238.59,356.06,247.25,288.19,128.96,255.63,1
388.38,243.37,154.53,239.54,357.47,248.23,288.19,129.57,256.16,1
388.38,242.4,155.2,239.54,357.47,247.25,289.32,128.96,256.07,1
388.38,243.37,155.88,240.49,357.47,248.23,289.32,128.96,256.51,1
389.92,244.33,156.57,240.49,357.47,248.23,289.32,129.57,256.99,1
388.38,243.37,156.57,241.44,357.47,249.21,289.32,129.57,256.92,1
388.38,245.3,156.57,241.44,358.87,248.23,290.46,129.57,257.35,1
388.38,245.3,157.94,241.44,357.47,248.23,289.32,129.57,257.21,1
389.92,244.33,157.94,241.44,357.47,248.23,289.32,129.57,257.28,1
389.92,245.3,159.31,241.44,358.87,248.23,290.46,129.57,257.89,1
389.92,245.3,158.62,241.44,358.87,247.25,289.32,129.57,257.54,1
389.92,245.3,159.31,242.4,360.29,248.23,289.32,129.57,258.04,1
389.92,245.3,158.62,242.4,357.47,248.23,289.32,129.57,257.6,1
389.92,245.3,159.31,241.44,358.87,248.23,289.32,129.57,257.75,1
389.92,245.3,159.31,242.4,358.87,248.23,289.32,129.57,257.87,1
389.92,245.3,158.62,242.4,358.87,248.23,289.32,129.57,257.78,1
389.92,246.27,158.62,242.4,358.87,248.23,288.19,130.17,257.84,1
389.92,245.3,159.31,242.4,358.87,249.21,288.19,129.57,257.85,1
389.92,245.3,159.31,242.4,358.87,248.23,289.32,129.57,257.87,1
389.92,245.3,159.31,242.4,358.87,249.21,289.32,129.57,257.99,1
389.92,245.3,160.01,242.4,358.87,248.23,288.19,129.57,257.81,1
389.92,245.3,160.01,243.37,358.87,249.21,289.32,130.17,258.27,1
389.92,245.3,160.01,242.4,360.29,248.23,288.19,129.57,257.99,1
389.92,245.3,160.7,242.4,360.29,248.23,289.32,129.57,258.22,1
389.92,245.3,160.01,242.4,357.47,248.23,289.32,130.17,257.85,1
389.92,245.3,160.7,242.4,358.87,248.23,289.32,130.17,258.12,1
389.92,246.27,160.7,243.37,360.29,249.21,289.32,130.17,258.66,1
389.92,246.27,160.7,242.4,358.87,248.23,288.19,129.57,258.02,1
389.92,246.27,160.7,243.37,358.87,249.21,288.19,130.17,258.34,1
389.92,246.27,160.7,243.37,360.29,248.23,289.32,130.17,258.53,1
389.92,246.27,161.4,243.37,360.29,248.23,289.32,130.17,258.62,1
389.92,246.27,161.4,242.4,360.29,249.21,289.32,130.17,258.62,1
389.92,246.27,161.4,243.37,360.29,249.21,289.32,130.17,258.74,1
391.48,246.27,161.4,244.33,360.29,249.21,289.32,130.17,259.06,1
389.92,246.27,161.4,244.33,361.71,249.21,289.32,129.57,258.97,1
389.92,246.27,161.4,244.33,360.29,249.21,290.46,129.57,258.93,1
389.92,247.25,161.4,244.33,360.29,249.21,290.46,130.17,259.13,1
389.92,247.25,161.4,244.33,361.71,249.21,290.46,130.17,259.31,1
389.92,246.27,161.4,244.33,363.14,250.2,290.46,130.17,259.49,1
389.92,247.25,161.4,244.33,361.71,249.21,290.46,130.17,259.31,1
389.92,247.25,162.09,244.33,361.71,250.2,290.46,130.17,259.52,1
389.92,246.27,162.79,244.33,363.14,249.21,290.46,130.17,259.54,1
391.48,247.25,162.09,245.3,361.71,249.21,290.46,130.78,259.78,1
389.92,247.25,162.09,245.3,361.71,249.21,289.32,130.78,259.45,1
391.48,248.23,162.79,246.27,363.14,249.21,290.46,130.78,260.29,1
391.48,248.23,162.79,245.3,363.14,249.21,290.46,130.78,260.17,1
391.48,248.23,163.5,246.27,363.14,249.21,290.46,130.78,260.38,1
391.48,248.23,162.09,246.27,363.14,250.2,290.46,130.78,260.33,1
391.48,249.21,162.79,246.27,361.71,249.21,291.6,131.39,260.46,1
391.48,248.23,163.5,247.25,363.14,249.21,290.46,131.39,260.58,1
391.48,248.23,164.2,246.27,363.14,249.21,290.46,131.39,260.55,1
391.48,248.23,163.5,246.27,363.14,250.2,290.46,130.78,260.51,1
391.48,248.23,164.2,247.25,363.14,249.21,290.46,131.39,260.67,1
391.48,249.21,164.2,247.25,363.14,249.21,291.6,131.39,260.93,1
391.48,249.21,163.5,247.25,364.57,249.21,290.46,132,260.96,1
391.48,249.21,164.2,246.27,364.57,249.21,291.6,131.39,260.99,1
391.48,249.21,164.2,246.27,363.14,249.21,291.6,131.39,260.81,1
391.48,249.21,164.2,247.25,363.14,249.21,291.6,131.39,260.93,1
391.48,249.21,164.91,247.25,363.14,249.21,291.6,131.39,261.02,1
393.03,249.21,165.62,248.23,363.14,249.21,290.46,131.39,261.29,1
391.48,250.2,165.62,248.23,363.14,249.21,291.6,131.39,261.36,1
393.03,251.19,164.91,248.23,363.14,249.21,291.6,132,261.66,1
391.48,250.2,164.91,248.23,363.14,249.21,291.6,131.39,261.27,1
391.48,250.2,165.62,247.25,363.14,249.21,291.6,132,261.31,1
391.48,250.2,164.91,248.23,363.14,249.21,291.6,131.39,261.27,1
391.48,250.2,164.91,248.23,363.14,249.21,291.6,131.39,261.27,1
391.48,250.2,164.91,249.21,364.57,249.21,291.6,130.78,261.49,1
391.48,251.19,165.62,249.21,363.14,250.2,291.6,130.78,261.65,1
391.48,250.2,165.62,248.23,363.14,249.21,291.6,130.78,261.28,1
393.03,251.19,164.91,250.2,364.57,249.21,291.6,130.78,261.94,1
391.48,249.21,166.33,250.2,364.57,249.21,290.46,132,261.68,1
393.03,250.2,165.62,250.2,364.57,250.2,292.74,132,262.32,1
391.48,250.2,166.33,251.19,363.14,250.2,291.6,132.61,262.09,1
391.48,250.2,166.33,251.19,364.57,250.2,291.6,132.61,262.27,1
391.48,250.2,165.62,252.18,363.14,250.2,292.74,133.23,262.35,1
391.48,251.19,166.33,251.19,363.14,250.2,291.6,132.61,262.22,1
391.48,250.2,166.33,251.19,364.57,250.2,291.6,132.61,262.27,1
391.48,251.19,166.33,252.18,366.01,250.2,291.6,133.84,262.85,1
393.03,250.2,166.33,252.18,364.57,251.19,291.6,133.23,262.79,1
391.48,251.19,166.33,252.18,363.14,250.2,291.6,133.23,262.42,1
393.03,250.2,167.04,251.19,363.14,250.2,291.6,133.23,262.45,1
393.03,250.2,166.33,252.18,364.57,250.2,292.74,133.23,262.81,1
391.48,251.19,167.04,252.18,364.57,250.2,291.6,133.23,262.68,1
393.03,250.2,167.04,251.19,364.57,250.2,291.6,132.61,262.55,1
393.03,250.2,166.33,252.18,364.57,250.2,292.74,132.61,262.73,1
393.03,251.19,166.33,252.18,364.57,250.2,292.74,133.23,262.93,1
393.03,250.2,167.04,252.18,364.57,250.2,291.6,133.84,262.83,1
393.03,250.2,166.33,251.19,364.57,250.2,291.6,133.23,262.54,1
393.03,251.19,166.33,252.18,363.14,250.2,291.6,133.23,262.61,1
393.03,251.19,166.33,252.18,364.57,250.2,291.6,133.84,262.87,1
393.03,251.19,166.33,252.18,364.57,251.19,292.74,133.23,263.06,1
393.03,251.19,167.04,252.18,364.57,250.2,291.6,133.84,262.96,1
394.6,252.18,166.33,252.18,363.14,250.2,291.6,133.84,263.01,1
393.03,251.19,166.33,253.18,364.57,250.2,292.74,133.23,263.06,1
394.6,250.2,167.04,252.18,364.57,250.2,292.74,133.84,263.17,1
393.03,252.18,167.04,253.18,364.57,250.2,292.74,132.61,263.19,1
393.03,251.19,166.33,253.18,364.57,250.2,292.74,132.61,262.98,1
393.03,251.19,167.04,253.18,364.57,251.19,292.74,133.23,263.27,1
393.03,251.19,167.04,252.18,364.57,250.2,291.6,133.23,262.88,1
393.03,251.19,167.04,253.18,364.57,250.2,292.74,132.61,263.07,1
393.03,251.19,167.04,253.18,364.57,250.2,292.74,133.23,263.15,1
393.03,252.18,166.33,253.18,366.01,250.2,292.74,133.23,263.36,1
393.03,251.19,167.04,254.18,366.01,250.2,292.74,133.23,263.45,1
394.6,251.19,167.04,255.18,364.57,251.19,292.74,133.23,263.72,1
394.6,251.19,167.04,254.18,364.57,251.19,292.74,133.23,263.59,1
394.6,251.19,167.04,254.18,364.57,250.2,293.89,133.84,263.69,1
393.03,250.2,167.04,253.18,364.57,250.2,292.74,133.84,263.1,1
393.03,251.19,167.04,254.18,364.57,250.2,293.89,133.23,263.42,1
393.03,252.18,167.04,254.18,364.57,251.19,293.89,133.23,263.66,1
394.6,252.18,167.76,255.18,364.57,250.2,292.74,133.84,263.88,1
393.03,252.18,167.04,254.18,364.57,251.19,292.74,133.84,263.6,1
393.03,252.18,167.04,254.18,364.57,250.2,293.89,133.84,263.62,1
394.6,252.18,167.04,254.18,364.57,251.19,292.74,134.46,263.87,1
393.03,252.18,167.04,255.18,364.57,250.2,295.04,133.23,263.81,1
393.03,253.18,166.33,255.18,366.01,251.19,293.89,133.23,264,1
393.03,253.18,167.04,255.18,363.14,250.2,293.89,133.84,263.69,1
393.03,253.18,166.33,255.18,363.14,250.2,292.74,133.84,263.45,1
393.03,253.18,166.33,254.18,363.14,250.2,292.74,133.84,263.33,1
391.48,252.18,166.33,254.18,363.14,250.2,293.89,133.23,263.08,1
393.03,253.18,167.04,255.18,363.14,250.2,292.74,133.23,263.47,1
393.03,252.18,166.33,254.18,363.14,250.2,293.89,133.23,263.27,1
393.03,253.18,166.33,254.18,363.14,250.2,292.74,133.84,263.33,1
391.48,253.18,166.33,256.19,363.14,250.2,293.89,133.23,263.45,1
393.03,252.18,167.04,255.18,363.14,250.2,292.74,133.23,263.34,1
393.03,252.18,167.04,255.18,363.14,250.2,295.04,133.23,263.63,1
393.03,252.18,167.04,254.18,363.14,250.2,292.74,133.23,263.22,1
393.03,252.18,166.33,255.18,363.14,250.2,293.89,132.61,263.32,1
393.03,253.18,167.04,255.18,363.14,250.2,293.89,133.23,263.61,1
391.48,252.18,167.04,254.18,361.71,251.19,293.89,132.61,263.03,1
391.48,252.18,167.04,255.18,363.14,250.2,292.74,132.61,263.07,1
391.48,252.18,167.76,254.18,363.14,250.2,293.89,133.23,263.25,1
391.48,252.18,166.33,255.18,363.14,250.2,292.74,132.61,262.98,1
391.48,252.18,167.04,255.18,361.71,250.2,292.74,133.23,262.97,1
391.48,252.18,167.04,255.18,361.71,250.2,292.74,133.23,262.97,1
391.48,252.18,167.04,254.18,361.71,250.2,293.89,132.61,262.91,1
391.48,253.18,166.33,255.18,361.71,250.2,293.89,132.61,263.07,1
389.92,252.18,167.04,254.18,361.71,250.2,291.6,133.23,262.51,1
391.48,253.18,167.04,255.18,361.71,250.2,292.74,133.23,263.09,1
391.48,252.18,167.04,255.18,363.14,251.19,293.89,133.23,263.41,1
391.48,253.18,167.04,255.18,363.14,250.2,292.74,133.23,263.27,1
391.48,252.18,167.76,255.18,363.14,250.2,293.89,133.23,263.38,1
391.48,253.18,167.04,255.18,363.14,250.2,293.89,133.23,263.42,1
391.48,252.18,167.76,255.18,364.57,250.2,292.74,133.23,263.42,1
391.48,252.18,167.76,255.18,363.14,250.2,292.74,132.61,263.16,1
391.48,252.18,167.76,255.18,363.14,250.2,292.74,133.84,263.31,1
391.48,252.18,167.76,255.18,363.14,250.2,292.74,133.23,263.24,1
391.48,251.19,167.76,255.18,363.14,250.2,292.74,133.23,263.11,1
391.48,252.18,167.04,255.18,361.71,250.2,292.74,133.23,262.97,1
391.48,252.18,167.76,255.18,363.14,250.2,292.74,133.23,263.24,1
391.48,253.18,167.76,257.2,363.14,250.2,292.74,133.23,263.61,1
391.48,252.18,167.04,256.19,363.14,250.2,292.74,133.84,263.35,1
393.03,252.18,167.76,256.19,363.14,250.2,292.74,132.61,263.48,1
391.48,252.18,167.04,256.19,361.71,250.2,292.74,133.23,263.09,1
391.48,252.18,167.04,256.19,361.71,250.2,293.89,132.61,263.16,1
391.48,252.18,167.04,256.19,361.71,250.2,293.89,132.61,263.16,1
391.48,252.18,167.76,256.19,361.71,249.21,293.89,132.61,263.13,1
391.48,253.18,167.04,256.19,363.14,250.2,292.74,132.61,263.32,1
393.03,252.18,167.76,257.2,363.14,250.2,292.74,132.61,263.61,1
391.48,252.18,167.76,256.19,363.14,251.19,292.74,132,263.33,1
391.48,252.18,167.76,256.19,361.71,250.2,293.89,132.61,263.25,1
391.48,253.18,167.04,257.2,360.29,250.2,292.74,132,263.01,1
393.03,253.18,167.76,256.19,363.14,250.2,293.89,132,263.67,1
391.48,253.18,167.04,256.19,363.14,250.2,292.74,132,263.24,1
391.48,252.18,167.04,256.19,361.71,250.2,293.89,131.39,263.01,1
391.48,253.18,167.76,255.18,361.71,250.2,293.89,131.39,263.1,1
391.48,252.18,167.76,255.18,361.71,250.2,292.74,132,262.9,1
391.48,253.18,167.76,256.19,363.14,250.2,292.74,132,263.33,1
391.48,253.18,168.47,256.19,361.71,250.2,296.2,131.39,263.6,1
393.03,252.18,168.47,256.19,361.71,250.2,293.89,132,263.46,1
391.48,252.18,167.76,256.19,363.14,250.2,292.74,132.61,263.29,1
393.03,253.18,168.47,258.21,364.57,250.2,292.74,132.61,264.13,1
393.03,253.18,168.47,256.19,361.71,250.2,293.89,133.84,263.81,1
391.48,253.18,168.47,256.19,364.57,250.2,293.89,134.46,264.05,1
393.03,253.18,168.47,258.21,363.14,250.2,293.89,134.46,264.32,1
393.03,252.18,168.47,258.21,364.57,251.19,293.89,135.08,264.58,1
393.03,253.18,169.19,257.2,363.14,250.2,293.89,135.08,264.36,1
393.03,253.18,168.47,257.2,364.57,250.2,293.89,136.33,264.61,1
393.03,253.18,168.47,257.2,363.14,250.2,293.89,135.7,264.35,1
391.48,253.18,169.19,257.2,363.14,250.2,293.89,135.7,264.25,1
391.48,253.18,167.76,257.2,363.14,250.2,292.74,135.08,263.85,1
393.03,253.18,168.47,257.2,363.14,250.2,292.74,136.33,264.29,1
393.03,252.18,167.76,257.2,363.14,250.2,293.89,135.08,264.06,1
394.6,253.18,168.47,257.2,364.57,250.2,293.89,136.33,264.8,1
393.03,253.18,167.76,257.2,363.14,250.2,292.74,136.33,264.2,1
393.03,253.18,168.47,257.2,363.14,251.19,293.89,135.7,264.47,1
393.03,253.18,168.47,257.2,363.14,250.2,292.74,135.7,264.21,1
393.03,252.18,168.47,257.2,364.57,250.2,293.89,135.7,264.41,1
393.03,253.18,168.47,257.2,364.57,250.2,293.89,135.7,264.53,1
393.03,253.18,167.76,257.2,364.57,250.2,295.04,135.7,264.58,1
393.03,253.18,168.47,257.2,364.57,250.2,295.04,135.08,264.6,1
393.03,253.18,167.76,257.2,364.57,250.2,293.89,135.08,264.36,1
393.03,253.18,168.47,257.2,363.14,250.2,293.89,135.08,264.27,1
393.03,252.18,168.47,256.19,363.14,250.2,293.89,135.08,264.02,1
391.48,253.18,169.19,257.2,363.14,250.2,292.74,135.08,264.03,1
391.48,254.18,168.47,257.2,363.14,250.2,293.89,135.08,264.2,1
391.48,252.18,168.47,258.21,361.71,250.2,293.89,135.08,263.9,1
391.48,253.18,168.47,257.2,361.71,250.2,293.89,135.08,263.9,1
391.48,254.18,168.47,257.2,363.14,250.2,293.89,135.08,264.2,1
326.62,94,7.64,178,357.47,130.78,141.38,57.81,161.71,2
327.9,94.51,7.33,178,356.06,130.78,142.02,57.81,161.8,2
326.62,94.51,7.33,178.75,356.06,130.78,142.02,58.23,161.79,2
326.62,94.51,7.33,178.75,356.06,130.78,142.66,58.66,161.92,2
327.9,95.02,7.64,178,357.47,130.78,141.38,58.66,162.11,2
326.62,95.54,7.33,178,357.47,131.39,142.02,58.23,162.07,2
327.9,95.02,7.95,178,356.06,131.39,142.02,58.23,162.07,2
327.9,95.02,7.64,178.75,356.06,132.61,142.66,58.66,162.41,2
327.9,95.02,7.64,178,354.66,132,142.66,58.23,162.02,2
327.9,95.02,7.64,178,353.27,131.39,142.66,59.08,161.87,2
326.62,95.02,7.64,178,351.89,131.39,142.66,59.51,161.59,2
327.9,95.02,7.33,178,350.51,130.78,143.3,58.66,161.44,2
327.9,95.54,7.95,178,351.89,129.57,142.66,59.08,161.57,2
327.9,95.02,7.64,178,351.89,130.17,142.66,59.08,161.55,2
327.9,95.02,7.64,178,351.89,130.78,143.3,59.51,161.76,2
329.19,95.02,7.64,178.75,351.89,130.78,143.3,59.08,161.96,2
329.19,94.51,7.95,178,353.27,130.78,143.3,59.51,162.06,2
329.19,94.51,7.64,178,351.89,130.17,142.66,59.51,161.7,2
327.9,95.54,7.64,178.75,351.89,130.78,142.66,59.51,161.83,2
329.19,95.02,7.33,178.75,353.27,130.78,142.66,59.51,162.06,2
329.19,95.02,7.33,178,351.89,130.78,142.66,59.51,161.8,2
329.19,95.02,7.33,178,351.89,130.78,143.3,59.51,161.88,2
329.19,95.02,7.64,177.26,353.27,130.78,142.66,59.51,161.92,2
329.19,95.02,7.33,178,353.27,130.78,142.66,59.08,161.92,2
329.19,94.51,7.33,178.75,353.27,130.17,143.3,59.51,162,2
329.19,94.51,7.33,178.75,353.27,130.78,142.66,59.08,161.95,2
327.9,94.51,7.64,178,354.66,130.17,142.66,59.08,161.83,2
329.19,94.51,7.02,178.75,354.66,130.78,143.95,59.08,162.24,2
327.9,94.51,7.02,178,354.66,130.78,143.95,58.23,161.88,2
327.9,94.51,7.02,178.75,354.66,130.78,142.66,57.81,161.76,2
327.9,94.51,7.02,178.75,354.66,131.39,142.02,57.39,161.7,2
326.62,94,6.08,178,354.66,131.39,143.3,57.81,161.48,2
326.62,94.51,6.08,178.75,356.06,131.39,143.3,56.97,161.71,2
326.62,94,6.39,178,354.66,130.78,143.95,57.39,161.47,2
326.62,94,6.39,178.75,354.66,130.78,143.3,57.81,161.54,2
326.62,94,6.39,178.75,354.66,130.78,142.66,57.81,161.46,2
326.62,95.02,6.39,178.75,354.66,130.78,143.3,58.23,161.72,2
326.62,95.02,6.39,178.75,353.27,130.78,144.59,57.81,161.66,2
326.62,95.02,6.7,178.75,353.27,131.39,143.95,57.39,161.64,2
326.62,95.02,6.08,178.75,353.27,131.39,143.95,57.81,161.61,2
327.9,95.02,6.39,178.75,353.27,132,143.3,57.81,161.81,2
327.9,94.51,6.7,178.75,353.27,132,143.95,57.81,161.86,2
327.9,93.49,6.08,178.75,353.27,132,143.95,57.39,161.6,2
327.9,93.49,6.08,178.75,353.27,131.39,144.59,57.81,161.66,2
327.9,93.49,6.08,178.75,353.27,131.39,143.3,57.81,161.5,2
326.62,93.49,6.08,178.75,353.27,131.39,142.66,57.81,161.26,2
326.62,92.98,6.39,178.75,351.89,131.39,142.66,58.23,161.11,2
326.62,93.49,6.08,178.75,351.89,130.78,143.3,57.81,161.09,2
327.9,94,6.39,178.75,351.89,130.78,142.66,57.81,161.27,2
327.9,93.49,6.39,178.75,351.89,130.17,142.66,57.81,161.13,2
326.62,92.98,6.7,178.75,351.89,130.17,143.3,58.66,161.13,2
327.9,93.49,6.08,178.75,351.89,130.78,143.95,57.81,161.33,2
327.9,93.49,6.39,178.75,351.89,130.17,143.3,58.23,161.27,2
327.9,92.98,6.39,178.75,351.89,131.39,142.66,57.81,161.22,2
327.9,92.98,6.08,178.75,351.89,130.78,142.66,57.81,161.11,2
327.9,93.49,6.08,178,350.51,130.17,142.66,58.23,160.88,2
329.19,92.98,6.7,178,351.89,130.17,143.95,57.81,161.34,2
327.9,93.49,6.08,178.75,351.89,130.17,142.66,58.23,161.15,2
329.19,92.98,6.08,178.75,351.89,130.78,143.95,57.81,161.43,2
327.9,93.49,6.39,178.75,351.89,130.78,143.3,57.81,161.29,2
327.9,92.98,6.08,178.75,353.27,130.78,143.3,57.81,161.36,2
329.19,92.47,6.39,178.75,351.89,130.78,143.95,57.81,161.4,2
329.19,92.98,6.39,178.75,353.27,131.39,144.59,57.81,161.8,2
329.19,93.49,6.08,178.75,354.66,130.78,143.3,57.81,161.76,2
329.19,92.98,6.08,178.75,354.66,130.78,143.3,57.39,161.64,2
329.19,92.98,6.39,178.75,354.66,130.78,143.3,57.39,161.68,2
329.19,93.49,6.08,179.5,353.27,131.39,143.3,57.81,161.75,2
327.9,92.47,6.39,179.5,353.27,131.39,143.3,57.39,161.45,2
329.19,92.98,6.39,179.5,353.27,131.39,143.3,57.81,161.73,2
329.19,92.98,6.39,178.75,353.27,131.39,143.3,57.81,161.64,2
330.48,93.49,6.7,178.75,353.27,131.39,143.95,58.23,162.03,2
329.19,92.98,6.7,179.5,353.27,131.39,143.3,57.81,161.77,2
329.19,93.49,6.7,179.5,353.27,131.39,143.3,58.23,161.89,2
329.19,92.98,6.39,179.5,353.27,131.39,143.3,57.39,161.68,2
329.19,92.98,6.39,179.5,353.27,132,142.66,58.23,161.78,2
329.19,92.98,6.39,178.75,353.27,130.78,143.3,57.81,161.56,2
330.48,92.98,6.39,179.5,351.89,130.78,143.3,57.81,161.64,2
329.19,93.49,6.39,179.5,351.89,130.78,143.3,57.81,161.54,2
327.9,92.47,6.39,178.75,350.51,130.78,142.02,57.81,160.83,2
329.19,92.98,6.08,178.75,350.51,130.78,142.66,57.81,161.09,2
329.19,92.47,5.77,178.75,349.13,130.78,143.3,57.39,160.85,2
329.19,92.98,6.08,179.5,349.13,130.78,143.3,57.81,161.1,2
329.19,92.47,5.77,179.5,349.13,130.17,143.3,57.39,160.87,2
329.19,92.47,5.77,179.5,347.76,129.57,142.66,57.81,160.59,2
329.19,92.98,6.08,178.75,347.76,128.96,143.3,57.81,160.61,2
329.19,92.47,6.08,178.75,347.76,128.96,140.74,57.39,160.17,2
329.19,91.97,6.08,178.75,347.76,128.96,143.95,57.39,160.51,2
329.19,91.97,6.39,178.75,347.76,129.57,143.95,57.81,160.67,2
329.19,91.97,6.7,178.75,347.76,128.96,142.02,57.39,160.34,2
329.19,91.97,6.7,179.5,346.4,128.96,142.66,57.81,160.4,2
329.19,91.97,6.08,179.5,346.4,127.76,142.66,57.39,160.12,2
329.19,92.47,6.7,178.75,347.76,128.36,142.66,56.97,160.36,2
329.19,92.47,6.7,178.75,347.76,128.36,143.3,56.97,160.44,2
329.19,91.97,6.39,179.5,347.76,127.76,143.95,56.97,160.44,2
329.19,92.47,6.39,178.75,349.13,127.76,143.95,56.55,160.52,2
330.48,91.97,6.39,178.75,347.76,127.76,144.59,56.55,160.53,2
329.19,92.47,6.7,178.75,346.4,127.76,141.38,55.71,159.8,2
329.19,91.97,6.39,178.75,346.4,128.36,142.66,56.13,159.98,2
330.48,91.97,7.02,178.75,346.4,127.76,142.66,55.71,160.09,2
329.19,92.98,6.39,178.75,346.4,127.76,143.3,55.3,160.01,2
329.19,92.98,6.7,178.75,346.4,128.36,142.66,55.71,160.09,2
329.19,92.47,7.02,178.75,346.4,128.36,143.95,56.13,160.28,2
329.19,92.98,6.7,178.75,347.76,128.36,145.24,55.71,160.59,2
329.19,92.98,7.02,178.75,346.4,128.36,145.24,56.13,160.51,2
329.19,92.98,6.39,178.75,346.4,128.36,147.2,56.13,160.68,2
329.19,92.98,6.39,179.5,346.4,128.36,146.55,56.13,160.69,2
329.19,92.98,6.7,179.5,345.04,127.76,147.2,56.13,160.56,2
329.19,92.98,6.7,178.75,346.4,128.36,146.55,56.13,160.63,2
329.19,92.98,7.33,178.75,346.4,128.36,147.86,55.71,160.82,2
330.48,92.47,7.64,178.75,345.04,127.76,147.2,56.13,160.68,2
330.48,92.47,7.33,179.5,345.04,128.36,146.55,56.13,160.73,2
330.48,92.98,7.64,179.5,345.04,128.96,147.86,56.55,161.13,2
330.48,92.98,7.95,180.26,345.04,128.96,146.55,55.71,160.99,2
329.19,92.98,7.95,180.26,345.04,128.96,146.55,56.13,160.88,2
330.48,94,7.64,180.26,346.4,129.57,147.2,55.71,161.41,2
330.48,93.49,7.64,180.26,346.4,128.96,147.86,56.55,161.45,2
329.19,94,7.64,180.26,347.76,128.96,147.2,56.13,161.39,2
330.48,93.49,7.95,180.26,347.76,129.57,148.52,55.71,161.72,2
330.48,94,7.64,181.01,346.4,129.57,149.84,56.55,161.94,2
330.48,94,7.33,181.01,347.76,129.57,151.17,56.55,162.23,2
330.48,94.51,7.95,180.26,347.76,129.57,151.84,56.97,162.42,2
330.48,94.51,8.27,180.26,347.76,130.17,151.17,56.97,162.45,2
330.48,94.51,7.64,180.26,347.76,129.57,151.84,56.55,162.33,2
330.48,95.02,7.95,181.01,347.76,128.96,152.51,56.97,162.58,2
330.48,95.02,7.95,180.26,347.76,129.57,153.18,56.55,162.6,2
330.48,95.02,7.64,181.01,347.76,129.57,153.18,56.55,162.65,2
331.78,95.02,7.95,180.26,347.76,129.57,153.18,56.13,162.71,2
330.48,95.02,7.64,181.01,347.76,129.57,152.51,56.13,162.52,2
331.78,94,7.95,181.01,347.76,129.57,153.18,56.13,162.67,2
331.78,95.02,7.95,180.26,347.76,130.17,153.85,56.13,162.87,2
330.48,94,7.95,180.26,349.13,129.57,153.85,55.71,162.62,2
331.78,94,7.95,181.01,347.76,129.57,153.85,55.71,162.7,2
330.48,94,7.95,180.26,347.76,128.96,155.2,55.71,162.54,2
331.78,94,7.64,180.26,347.76,129.57,155.88,55.3,162.77,2
331.78,94,7.95,180.26,349.13,130.17,155.2,55.3,162.97,2
331.78,94,7.64,179.5,347.76,130.17,155.2,55.71,162.72,2
331.78,95.02,7.33,180.26,349.13,130.17,155.2,55.3,163.02,2
331.78,94.51,7.64,180.26,349.13,129.57,155.88,55.71,163.06,2
331.78,94,7.95,179.5,347.76,130.17,155.88,55.71,162.85,2
331.78,95.02,7.95,180.26,349.13,129.57,155.88,55.71,163.16,2
331.78,94,7.95,180.26,349.13,129.57,155.88,55.71,163.04,2
331.78,94.51,7.64,179.5,347.76,130.17,155.88,56.13,162.92,2
331.78,95.02,7.95,180.26,347.76,130.78,155.88,55.3,163.09,2
330.48,94.51,7.64,180.26,347.76,129.57,155.88,55.71,162.73,2
331.78,94.51,7.95,179.5,347.76,130.17,155.2,55.71,162.82,2
331.78,94,7.33,180.26,347.76,130.17,155.88,55.71,162.86,2
331.78,94.51,7.95,180.26,347.76,130.17,155.88,55.71,163,2
331.78,94.51,7.95,180.26,349.13,130.17,156.57,55.71,163.26,2
331.78,94,7.95,180.26,349.13,130.17,155.2,56.13,163.08,2
331.78,94.51,7.95,180.26,349.13,130.17,155.2,57.39,163.3,2
333.08,94.51,7.64,180.26,349.13,130.17,155.88,56.55,163.4,2
331.78,94.51,7.95,180.26,349.13,130.17,155.88,56.55,163.28,2
331.78,94.51,7.95,180.26,349.13,130.17,156.57,56.97,163.42,2
331.78,94,7.95,180.26,349.13,130.78,156.57,57.39,163.48,2
331.78,94,8.27,180.26,349.13,130.17,157.25,56.97,163.48,2
331.78,94,7.95,180.26,349.13,130.17,156.57,56.55,163.3,2
331.78,93.49,8.27,180.26,349.13,130.78,155.88,56.55,163.27,2
331.78,94,7.95,180.26,347.76,130.17,155.88,56.55,163.04,2
331.78,94.51,7.64,181.01,349.13,130.17,155.88,56.55,163.33,2
331.78,94.51,7.95,180.26,349.13,130.78,156.57,56.55,163.44,2
331.78,94.51,7.95,180.26,349.13,130.78,157.25,56.97,163.58,2
333.08,94.51,7.95,180.26,350.51,130.78,156.57,56.97,163.83,2
331.78,94,7.95,180.26,349.13,130.78,156.57,56.97,163.43,2
331.78,94,7.95,180.26,350.51,130.17,157.25,56.55,163.56,2
331.78,94.51,8.27,180.26,349.13,130.78,156.57,56.97,163.53,2
333.08,94,7.95,180.26,350.51,130.78,156.57,56.97,163.76,2
331.78,94.51,7.95,180.26,350.51,130.78,155.2,57.39,163.55,2
331.78,94.51,8.27,180.26,350.51,130.78,156.57,56.97,163.7,2
331.78,94.51,7.95,180.26,350.51,130.17,156.57,57.39,163.64,2
333.08,94.51,7.95,180.26,351.89,130.78,155.88,56.97,163.91,2
334.39,94.51,7.95,180.26,351.89,130.17,156.57,56.55,164.04,2
334.39,94.51,7.95,180.26,350.51,130.78,155.88,56.97,163.91,2
335.7,94.51,7.64,180.26,350.51,130.78,157.25,57.39,164.25,2
335.7,94.51,8.27,180.26,350.51,130.17,156.57,56.97,164.12,2
335.7,94.51,7.95,179.5,349.13,130.17,156.57,56.97,163.81,2
335.7,94.51,7.64,180.26,349.13,130.78,156.57,56.55,163.89,2
335.7,94.51,7.95,180.26,349.13,130.17,155.88,56.13,163.72,2
335.7,94.51,7.95,180.26,350.51,130.17,155.88,56.55,163.94,2
334.39,94,8.27,180.26,350.51,130.78,156.57,56.55,163.91,2
335.7,94,7.95,180.26,350.51,130.78,156.57,56.55,164.04,2
337.02,94,7.95,180.26,351.89,130.17,155.88,56.13,164.16,2
337.02,94.51,7.64,180.26,350.51,130.78,156.57,56.55,164.23,2
335.7,94,7.95,180.26,350.51,130.78,156.57,55.71,163.93,2
335.7,94,7.64,180.26,350.51,130.17,156.57,56.13,163.87,2
335.7,94,7.95,180.26,351.89,130.17,155.88,56.13,164,2
337.02,94,8.27,181.01,350.51,130.78,156.57,56.55,164.34,2
337.02,94.51,8.27,180.26,350.51,130.78,157.25,55.71,164.29,2
337.02,94,7.33,181.01,351.89,130.78,156.57,55.3,164.24,2
337.02,94,7.33,180.26,353.27,130.78,156.57,55.3,164.31,2
337.02,95.02,7.33,180.26,353.27,130.78,157.25,54.88,164.48,2
337.02,94.51,7.33,180.26,353.27,131.39,156.57,55.3,164.45,2
337.02,94,7.02,181.01,351.89,130.78,157.25,54.88,164.23,2
337.02,94.51,7.64,180.26,353.27,130.78,157.25,54.88,164.45,2
337.02,94.51,7.02,180.26,351.89,131.39,156.57,55.3,164.24,2
337.02,94.51,7.33,180.26,353.27,130.78,157.25,55.3,164.46,2
335.7,95.02,7.33,180.26,351.89,131.39,157.25,55.3,164.27,2
335.7,94.51,7.33,180.26,351.89,131.39,156.57,54.88,164.06,2
335.7,95.02,6.7,180.26,351.89,131.39,157.25,54.88,164.14,2
334.39,94.51,7.02,180.26,351.89,130.78,157.25,54.88,163.87,2
334.39,94,6.08,180.26,353.27,131.39,156.57,54.88,163.85,2
351.89,215.9,153.18,288.19,317.8,209.88,232.04,113.82,235.34,3
349.13,215.9,153.18,289.32,317.8,208.19,232.97,113.82,235.04,3
347.76,215.03,153.85,288.19,316.56,209.04,232.97,114.38,234.72,3
346.4,215.03,152.51,288.19,316.56,208.19,232.04,113.82,234.09,3
346.4,215.03,152.51,287.07,317.8,207.35,232.97,113.25,234.05,3
347.76,215.03,152.51,287.07,316.56,208.19,232.97,113.82,234.24,3
346.4,215.03,152.51,288.19,319.04,208.19,232.97,113.82,234.52,3
347.76,215.03,153.18,287.07,319.04,208.19,233.89,113.82,234.75,3
347.76,215.03,153.18,287.07,320.29,208.19,233.89,113.82,234.9,3
347.76,215.03,153.18,287.07,320.29,208.19,232.97,114.38,234.86,3
347.76,215.03,153.18,287.07,320.29,208.19,233.89,114.38,234.97,3
347.76,215.03,153.85,288.19,320.29,208.19,232.97,114.38,235.08,3
347.76,215.9,153.85,287.07,320.29,207.35,232.97,114.94,235.02,3
347.76,215.9,153.85,287.07,320.29,207.35,232.97,114.94,235.02,3
347.76,215.03,153.85,287.07,320.29,207.35,232.97,114.38,234.84,3
349.13,215.03,153.85,287.07,321.55,207.35,233.89,114.38,235.28,3
347.76,215.03,153.85,288.19,321.55,208.19,232.97,114.38,235.24,3
347.76,215.03,153.85,288.19,321.55,207.35,233.89,114.38,235.25,3
347.76,215.9,153.85,288.19,322.81,208.19,232.97,115.51,235.65,3
347.76,215.9,154.53,289.32,321.55,207.35,232.97,115.51,235.61,3
347.76,215.9,153.85,289.32,322.81,207.35,233.89,114.94,235.73,3
347.76,215.9,154.53,289.32,324.07,208.19,233.89,114.94,236.08,3
349.13,215.9,153.85,289.32,324.07,207.35,232.97,114.94,235.94,3
349.13,215.9,153.85,290.46,325.35,207.35,232.97,114.94,236.24,3
349.13,215.9,154.53,290.46,326.62,208.19,232.97,115.51,236.66,3
347.76,215.9,154.53,290.46,327.9,206.51,232.97,115.51,236.44,3
347.76,215.9,154.53,290.46,329.19,207.35,233.89,114.94,236.75,3
349.13,216.77,154.53,290.46,331.78,208.19,234.83,115.51,237.65,3
349.13,216.77,155.2,290.46,333.08,207.35,232.97,115.51,237.56,3
350.51,216.77,155.2,291.6,331.78,207.35,233.89,114.94,237.76,3
349.13,216.77,155.88,292.74,331.78,207.35,232.97,114.94,237.7,3
350.51,216.77,155.2,291.6,331.78,207.35,233.89,115.51,237.83,3
349.13,216.77,155.88,290.46,333.08,207.35,233.89,115.51,237.76,3
350.51,217.65,155.88,290.46,333.08,208.19,233.89,116.08,238.22,3
350.51,218.52,155.88,290.46,331.78,207.35,234.83,116.08,238.18,3
350.51,217.65,155.88,291.6,334.39,207.35,233.89,115.51,238.35,3
349.13,217.65,156.57,297.36,334.39,207.35,233.89,116.65,239.12,3
350.51,217.65,156.57,297.36,334.39,207.35,233.89,116.65,239.29,3
350.51,217.65,157.25,297.36,335.7,207.35,234.83,117.79,239.8,3
351.89,218.52,157.25,297.36,335.7,208.19,234.83,117.79,240.19,3
351.89,217.65,157.25,297.36,335.7,207.35,235.76,118.36,240.16,3
353.27,217.65,157.25,298.52,335.7,208.19,234.83,118.94,240.54,3
353.27,218.52,157.25,298.52,335.7,207.35,234.83,118.36,240.48,3
354.66,218.52,157.94,298.52,335.7,207.35,234.83,118.94,240.81,3
353.27,218.52,158.62,298.52,335.7,207.35,235.76,118.94,240.84,3
353.27,218.52,157.94,298.52,337.02,208.19,236.7,118.94,241.14,3
353.27,218.52,158.62,297.36,337.02,208.19,234.83,119.51,240.92,3
354.66,218.52,157.94,298.52,337.02,208.19,235.76,118.94,241.19,3
353.27,218.52,159.31,298.52,338.34,206.51,234.83,119.51,241.1,3
354.66,218.52,160.01,298.52,339.67,207.35,234.83,120.09,241.71,3
354.66,218.52,158.62,298.52,338.34,207.35,234.83,119.51,241.3,3
354.66,218.52,159.31,297.36,337.02,207.35,235.76,119.51,241.19,3
354.66,218.52,160.01,299.69,338.34,207.35,234.83,120.09,241.69,3
354.66,219.4,160.01,299.69,337.02,207.35,235.76,120.09,241.75,3
354.66,219.4,159.31,299.69,337.02,208.19,235.76,120.09,241.77,3
354.66,219.4,160.01,299.69,337.02,207.35,235.76,120.09,241.75,3
354.66,218.52,160.01,299.69,338.34,207.35,236.7,119.51,241.85,3
354.66,219.4,160.01,299.69,338.34,208.19,235.76,119.51,241.95,3
356.06,220.29,160.01,299.69,338.34,207.35,235.76,118.94,242.05,3
356.06,220.29,160.01,299.69,338.34,207.35,235.76,119.51,242.13,3
357.47,220.29,160.7,299.69,338.34,206.51,235.76,119.51,242.28,3
356.06,219.4,160.7,300.87,338.34,207.35,236.7,118.94,242.29,3
357.47,219.4,160.7,299.69,338.34,206.51,236.7,119.51,242.29,3
357.47,219.4,160.7,300.87,338.34,207.35,235.76,120.09,242.5,3
356.06,219.4,161.4,299.69,338.34,207.35,237.64,120.09,242.5,3
356.06,219.4,160.7,299.69,338.34,206.51,235.76,120.09,242.07,3
356.06,219.4,160.01,299.69,338.34,206.51,235.76,118.94,241.84,3
356.06,220.29,160.01,299.69,338.34,207.35,236.7,119.51,242.24,3
354.66,219.4,160.7,298.52,338.34,206.51,236.7,120.09,241.87,3
354.66,219.4,160.7,298.52,338.34,206.51,236.7,118.94,241.72,3
354.66,219.4,160.01,299.69,338.34,206.51,236.7,119.51,241.85,3
354.66,220.29,160.01,298.52,339.67,206.51,236.7,118.94,241.91,3
354.66,220.29,160.01,299.69,339.67,207.35,235.76,118.94,242.05,3
354.66,220.29,160.01,299.69,339.67,207.35,236.7,119.51,242.24,3
354.66,219.4,160.7,299.69,338.34,206.51,236.7,118.36,241.8,3
354.66,219.4,160.7,299.69,339.67,207.35,236.7,119.51,242.21,3
354.66,219.4,160.7,299.69,341.01,206.51,236.7,119.51,242.27,3
354.66,219.4,160.7,299.69,339.67,206.51,235.76,118.94,241.92,3
354.66,220.29,160.7,299.69,341.01,206.51,236.7,118.36,242.24,3
354.66,220.29,160.7,298.52,341.01,207.35,236.7,118.94,242.27,3
354.66,220.29,160.7,300.87,341.01,206.51,236.7,118.94,242.46,3
356.06,220.29,160.7,299.69,342.35,205.67,236.7,118.94,242.55,3
354.66,220.29,161.4,298.52,341.01,204.84,234.83,118.36,241.74,3
354.66,220.29,160.7,298.52,341.01,204.84,235.76,118.94,241.84,3
354.66,220.29,161.4,299.69,342.35,204.84,235.76,117.79,242.1,3
354.66,220.29,160.7,299.69,341.01,204.84,235.76,118.94,241.99,3
354.66,219.4,161.4,299.69,341.01,204.84,235.76,118.36,241.89,3
354.66,220.29,160.7,299.69,341.01,204.84,235.76,117.79,241.84,3
354.66,220.29,160.7,298.52,342.35,204.84,234.83,118.36,241.82,3
354.66,221.17,161.4,299.69,342.35,204,235.76,117.79,242.1,3
354.66,220.29,162.09,299.69,342.35,205.67,234.83,117.79,242.17,3
354.66,220.29,162.79,299.69,342.35,204.84,235.76,117.79,242.27,3
354.66,220.29,162.79,299.69,342.35,204.84,235.76,117.79,242.27,3
354.66,220.29,162.79,299.69,342.35,204,234.83,117.22,241.98,3
356.06,220.29,163.5,300.87,342.35,204,234.83,117.22,242.39,3
354.66,221.17,163.5,299.69,342.35,203.18,234.83,117.22,242.07,3
354.66,220.29,163.5,300.87,345.04,204,234.83,117.22,242.55,3
354.66,221.17,163.5,298.52,343.69,204,234.83,116.08,242.06,3
354.66,221.17,162.79,298.52,343.69,204,234.83,116.08,241.97,3
354.66,221.17,163.5,298.52,345.04,203.18,234.83,116.65,242.19,3
354.66,221.17,164.2,299.69,345.04,204,234.83,117.22,242.6,3
354.66,222.06,163.5,300.87,345.04,203.18,232.97,117.22,242.44,3
354.66,222.06,163.5,299.69,345.04,203.18,233.89,116.65,242.33,3
354.66,221.17,163.5,299.69,345.04,203.18,233.89,116.65,242.22,3
354.66,222.06,163.5,299.69,345.04,203.18,234.83,116.08,242.38,3
354.66,222.06,163.5,299.69,345.04,203.18,234.83,116.65,242.45,3
353.27,221.17,162.79,299.69,345.04,203.18,235.76,116.08,242.12,3
353.27,222.06,163.5,299.69,345.04,202.35,234.83,116.65,242.17,3
354.66,221.17,163.5,299.69,345.04,202.35,234.83,115.51,242.09,3
353.27,221.17,164.2,299.69,346.4,202.35,233.89,114.94,241.99,3
353.27,222.06,163.5,299.69,346.4,202.35,233.89,114.94,242.01,3
353.27,221.17,163.5,299.69,346.4,201.53,233.89,114.94,241.8,3
353.27,222.06,163.5,299.69,345.04,201.53,233.89,114.38,241.67,3
353.27,221.17,162.79,299.69,346.4,201.53,233.89,114.38,241.64,3
354.66,221.17,163.5,298.52,346.4,202.35,233.89,114.38,241.86,3
353.27,222.06,164.2,299.69,345.04,201.53,234.83,114.38,241.87,3
353.27,222.06,163.5,299.69,345.04,201.53,233.89,114.94,241.74,3
353.27,222.06,164.2,299.69,345.04,202.35,234.83,114.94,242.05,3
354.66,221.17,164.2,299.69,346.4,201.53,234.83,114.94,242.18,3
353.27,222.06,164.2,299.69,346.4,201.53,235.76,114.38,242.16,3
354.66,221.17,164.2,299.69,346.4,201.53,234.83,114.38,242.11,3
353.27,222.06,164.2,299.69,346.4,201.53,235.76,113.82,242.09,3
351.89,222.06,163.5,297.36,343.69,202.35,234.83,113.25,241.12,3
353.27,221.17,163.5,292.74,345.04,201.53,234.83,114.38,240.81,3
353.27,221.17,164.2,292.74,343.69,201.53,234.83,113.82,240.66,3
350.51,221.17,162.79,291.6,345.04,201.53,234.83,113.82,240.16,3
350.51,221.17,163.5,291.6,343.69,200.7,234.83,113.25,239.91,3
350.51,221.17,163.5,291.6,343.69,200.7,234.83,113.25,239.91,3
350.51,221.17,164.2,291.6,343.69,200.7,233.89,113.25,239.88,3
350.51,221.17,163.5,291.6,343.69,201.53,233.89,112.69,239.82,3
349.13,220.29,163.5,291.6,342.35,200.7,234.83,113.25,239.46,3
349.13,221.17,163.5,291.6,341.01,200.7,234.83,112.69,239.33,3
350.51,221.17,163.5,291.6,342.35,200.7,233.89,112.69,239.55,3
350.51,220.29,163.5,291.6,342.35,200.7,234.83,112.14,239.49,3
349.13,221.17,162.79,291.6,343.69,201.53,234.83,112.14,239.61,3
349.13,221.17,162.79,290.46,342.35,201.53,234.83,112.14,239.3,3
349.13,221.17,162.79,290.46,342.35,200.7,234.83,112.69,239.27,3
350.51,220.29,163.5,290.46,341.01,200.7,235.76,111.58,239.22,3
349.13,221.17,163.5,290.46,341.01,201.53,234.83,112.14,239.22,3
350.51,221.17,163.5,290.46,339.67,200.7,235.76,112.69,239.31,3
349.13,220.29,163.5,291.6,341.01,201.53,235.76,112.69,239.44,3
350.51,222.06,163.5,291.6,341.01,201.53,234.83,113.82,239.85,3
350.51,221.17,163.5,291.6,341.01,201.53,234.83,114.94,239.88,3
350.51,221.17,164.2,291.6,342.35,201.53,234.83,114.94,240.14,3
350.51,221.17,164.2,291.6,342.35,201.53,235.76,114.94,240.26,3
350.51,221.17,164.2,292.74,343.69,201.53,235.76,115.51,240.64,3
350.51,222.06,164.2,291.6,342.35,201.53,234.83,116.65,240.46,3
350.51,221.17,164.2,291.6,342.35,202.35,235.76,116.08,240.5,3
349.13,221.17,163.5,291.6,342.35,202.35,235.76,116.65,240.31,3
349.13,222.95,163.5,291.6,342.35,202.35,235.76,116.65,240.54,3
349.13,221.17,164.2,292.74,342.35,202.35,235.76,116.65,240.54,3
349.13,222.95,164.91,291.6,342.35,202.35,235.76,116.65,240.71,3
349.13,221.17,164.91,292.74,342.35,201.53,234.83,116.65,240.41,3
349.13,221.17,164.91,292.74,345.04,202.35,235.76,116.08,240.9,3
349.13,222.06,164.91,291.6,341.01,201.53,236.7,116.08,240.38,3
349.13,222.95,164.2,298.52,343.69,202.35,235.76,116.65,241.66,3
349.13,222.06,164.91,292.74,345.04,201.53,235.76,116.65,240.98,3
349.13,222.06,165.62,292.74,345.04,201.53,235.76,116.65,241.07,3
350.51,222.06,164.91,292.74,345.04,201.53,235.76,116.65,241.15,3
349.13,222.06,164.91,291.6,343.69,201.53,234.83,116.08,240.48,3
347.76,222.06,164.91,291.6,343.69,201.53,236.7,116.65,240.61,3
347.76,222.06,164.91,292.74,343.69,201.53,234.83,116.08,240.45,3
346.4,222.06,164.2,290.46,342.35,201.53,235.76,115.51,239.78,3
347.76,222.06,164.2,291.6,342.35,200.7,234.83,115.51,239.88,3
347.76,222.06,164.2,291.6,343.69,200.7,235.76,114.94,240.09,3
347.76,221.17,164.2,290.46,343.69,201.53,234.83,114.38,239.75,3
347.76,222.06,164.2,290.46,343.69,200.7,235.76,114.94,239.95,3
347.76,222.06,164.91,290.46,343.69,200.7,235.76,114.38,239.97,3
347.76,222.06,164.91,290.46,343.69,200.7,235.76,113.25,239.83,3
347.76,222.06,164.2,290.46,345.04,201.53,234.83,113.25,239.89,3
347.76,222.06,164.91,290.46,343.69,200.7,234.83,113.82,239.78,3
347.76,221.17,164.91,289.32,342.35,199.89,234.83,113.82,239.26,3
347.76,222.06,164.2,290.46,342.35,199.89,235.76,113.82,239.54,3
347.76,222.06,165.62,290.46,341.01,200.7,235.76,113.82,239.65,3
347.76,222.95,164.91,291.6,341.01,200.7,235.76,112.69,239.67,3
347.76,222.95,164.91,290.46,342.35,200.7,234.83,113.25,239.65,3
347.76,222.06,165.62,290.46,343.69,199.89,234.83,113.25,239.69,3
347.76,222.06,165.62,290.46,343.69,201.53,235.76,113.25,240.02,3
347.76,222.06,166.33,290.46,343.69,200.7,235.76,113.82,240.07,3
347.76,222.95,165.62,290.46,345.04,200.7,235.76,113.82,240.26,3
347.76,222.06,166.33,291.6,345.04,200.7,235.76,115.51,240.6,3
347.76,222.95,166.33,290.46,345.04,200.7,235.76,114.94,240.49,3
347.76,222.06,166.33,290.46,345.04,200.7,235.76,114.94,240.38,3
347.76,222.95,167.04,297.36,343.69,200.7,235.76,115.51,241.35,3
347.76,222.06,167.04,297.36,345.04,200.7,234.83,114.94,241.22,3
347.76,222.95,167.76,298.52,346.4,200.7,235.76,114.94,241.85,3
347.76,222.95,167.04,298.52,345.04,200.7,236.7,114.94,241.71,3
349.13,222.95,167.76,298.52,346.4,200.7,235.76,114.94,242.02,3
347.76,223.85,168.47,299.69,345.04,200.7,235.76,115.51,242.1,3
349.13,223.85,167.76,298.52,346.4,200.7,234.83,114.94,242.02,3
349.13,222.95,167.76,299.69,345.04,201.53,233.89,114.94,241.87,3
347.76,223.85,168.47,299.69,346.4,201.53,235.76,115.51,242.37,3
349.13,222.95,167.76,299.69,346.4,201.53,235.76,114.94,242.27,3
349.13,222.95,168.47,299.69,347.76,200.7,235.76,115.51,242.5,3
349.13,223.85,168.47,298.52,346.4,200.7,235.76,114.94,242.22,3
349.13,223.85,168.47,299.69,346.4,200.7,235.76,113.82,242.23,3
347.76,223.85,168.47,299.69,346.4,201.53,236.7,113.82,242.28,3
349.13,223.85,168.47,299.69,346.4,200.7,235.76,114.38,242.3,3
347.76,223.85,168.47,298.52,346.4,201.53,235.76,112.69,241.87,3
349.13,223.85,168.47,298.52,346.4,200.7,234.83,112.69,241.83,3
