80.68,0,0,21.04,15.67,66.01,23.44,0,25.85,0
80.68,0,0,21.38,16,65.57,23.44,0,25.88,0
80.68,0,0,20.69,16,66.01,23.44,0,25.85,0
80.68,0,0,20.69,15.67,66.01,23.44,0,25.81,0
81.64,0,0,21.04,15.67,66.45,23.44,0,26.03,0
81.16,0,0,20.69,16,65.57,23.44,0,25.86,0
80.68,0,0,20.36,15.67,66.01,23.44,0,25.77,0
81.64,0,0,20.02,15.67,66.45,23.44,0,25.9,0
81.64,0,0,21.04,16.33,66.01,23.44,0,26.06,0
81.64,0,0,21.04,16.67,66.01,24.13,0,26.18,0
81.64,0,0,21.04,16,66.45,23.78,0,26.11,0
82.12,0,0,21.38,15.67,66.01,24.48,0,26.21,0
81.64,0,0,21.04,16,66.45,24.13,0,26.16,0
82.12,0,0,21.04,16.33,66.45,23.78,0,26.22,0
81.64,0,0,21.04,16,66.01,23.78,0,26.06,0
82.12,0,0,21.38,16,66.89,24.13,0,26.32,0
82.12,0,0,21.38,16,66.45,24.13,0,26.26,0
82.12,0,0,21.72,16,66.01,23.78,0,26.2,0
81.64,0,0,21.38,16,66.45,23.78,0,26.16,0
81.64,0,0,21.38,16,66.89,23.78,0,26.21,0
81.64,0,0,21.38,16,66.45,24.13,0,26.2,0
81.64,0,0,21.38,16.33,66.01,23.78,0,26.14,0
82.12,0,0,21.38,16,66.89,23.44,0,26.23,0
81.16,0,0,21.04,16.33,66.45,24.13,0,26.14,0
81.64,0,0,21.04,16,66.45,23.44,0,26.07,0
81.16,0,0,21.04,16,66.01,23.44,0,25.96,0
82.12,0,0,21.38,16,66.45,23.78,0,26.22,0
81.16,0,0,21.04,16,66.01,23.78,0,26,0
81.64,0,0,21.38,16,66.45,23.78,0,26.16,0
80.68,0,0,20.69,16,66.45,23.44,0,25.91,0
81.16,0,0,20.69,15.67,66.45,23.44,0,25.93,0
81.16,0,0,21.04,15.67,66.45,23.44,0,25.97,0
80.68,0,0,20.69,16,66.45,23.44,0,25.91,0
80.68,0,0,21.04,16,66.01,23.09,0,25.85,0
80.68,0,0,20.36,16,66.01,23.09,0,25.77,0
80.21,0,0,20.36,16,66.01,23.09,0,25.71,0
81.16,0,0,21.04,16,66.01,22.75,0,25.87,0
80.68,0,0,20.69,16,66.45,23.09,0,25.87,0
80.68,0,0,20.69,15.67,66.45,23.09,0,25.82,0
81.16,0,0,20.69,16,66.45,23.44,0,25.97,0
80.68,0,0,20.36,15.67,66.45,23.44,0,25.82,0
80.68,0,0,20.69,16,66.01,23.44,0,25.85,0
80.68,0,0,20.69,16,66.45,23.44,0,25.91,0
81.16,0,0,21.04,16,66.45,23.78,0,26.05,0
81.16,0,0,20.69,16,66.45,23.44,0,25.97,0
81.16,0,0,20.69,16,66.01,23.44,0,25.91,0
81.16,0,0,21.04,16,66.01,23.78,0,26,0
80.68,0,0,20.69,16,66.45,23.78,0,25.95,0
81.16,0,0,21.38,15.67,66.45,23.78,0,26.06,0
81.16,0,0,21.04,16,66.45,23.78,0,26.05,0
81.16,0,0,20.69,16,66.01,23.44,0,25.91,0
81.16,0,0,21.04,16.33,66.45,23.44,0,26.05,0
81.64,0,0,21.38,16,66.01,23.78,0,26.1,0
81.16,0,0,21.04,16.33,66.45,23.44,0,26.05,0
81.16,0,0,21.04,16.33,66.89,23.44,0,26.11,0
81.16,0,0,20.69,16,66.45,23.09,0,25.92,0
80.68,0,0,21.04,15.67,66.45,24.13,0,26,0
81.16,0,0,21.04,16,66.01,23.44,0,25.96,0
81.16,0,0,20.69,16,66.45,23.44,0,25.97,0
81.16,0,0,21.38,15.67,66.45,23.44,0,26.01,0
80.68,0,0,21.04,15.67,66.45,23.44,0,25.91,0
80.68,0,0,21.04,16,66.01,23.09,0,25.85,0
81.16,0,0,21.04,16,66.45,23.09,0,25.97,0
80.68,0,0,21.04,15.67,66.45,23.44,0,25.91,0
81.16,0,0,21.38,16,66.45,23.44,0,26.05,0
81.16,0,0,21.04,16,66.01,23.09,0,25.91,0
81.16,0,0,21.38,16.33,66.01,23.09,0,26,0
80.68,0,0,21.38,16,66.01,23.44,0,25.94,0
81.16,0,0,21.04,16,66.45,23.78,0,26.05,0
81.16,0,0,21.38,16.33,66.45,23.09,0,26.05,0
81.16,0,0,21.04,16,66.01,23.09,0,25.91,0
81.16,0,0,21.38,15.67,66.45,23.44,0,26.01,0
81.16,0,0,21.04,16.33,66.01,23.09,0,25.95,0
81.16,0,0,21.38,16.33,66.01,22.75,0,25.95,0
80.68,0,0,21.04,15.67,66.45,23.09,0,25.87,0
81.16,0,0,21.72,15.67,66.45,23.09,0,26.01,0
80.68,0,0,21.38,16,66.01,23.09,0,25.9,0
81.16,0,0,21.72,16,66.01,23.09,0,26,0
81.16,0,0,21.04,15.67,66.01,23.44,0,25.91,0
80.68,0,0,21.38,15.67,66.45,23.44,0,25.95,0
80.68,0,0,21.38,16,66.45,23.09,0,25.95,0
80.21,0,0,21.38,16,66.01,23.09,0,25.84,0
81.16,0,0,21.04,16,66.01,23.44,0,25.96,0
80.68,0,0,21.04,15.67,66.45,23.44,0,25.91,0
81.16,0,0,21.04,16,66.01,23.09,0,25.91,0
81.16,0,0,21.04,15.67,66.01,23.09,0,25.87,0
80.68,0,0,21.04,15.67,66.01,23.09,0,25.81,0
80.68,0,0,21.04,16,66.01,23.09,0,25.85,0
80.68,0,0,20.69,15.67,66.01,23.44,0,25.81,0
81.64,0,0,21.04,16,66.01,23.44,0,26.02,0
81.16,0,0,20.69,15.67,66.45,23.44,0,25.93,0
81.16,0,0,21.04,16,66.01,23.09,0,25.91,0
80.68,0,0,21.04,16,66.01,22.75,0,25.81,0
81.16,0,0,21.72,16,66.01,23.09,0,26,0
81.16,0,0,21.38,16,66.01,23.09,0,25.95,0
81.64,0,0,20.69,16,66.45,23.78,0,26.07,0
81.64,0,0,21.04,16,66.45,23.78,0,26.11,0
81.64,0,0,21.38,15.67,66.01,23.44,0,26.02,0
81.64,0,0,21.38,16,66.89,24.13,0,26.26,0
82.12,0,0,21.72,16.33,66.45,23.78,0,26.3,0
81.64,0,0,21.72,16,67.34,23.78,0,26.31,0
82.12,0,0,21.72,16,66.89,24.13,0,26.36,0
82.12,0,0,21.72,16.33,66.89,24.13,0,26.4,0
82.12,0,0,21.72,16.33,66.89,23.78,0,26.36,0
82.12,0,0,21.72,16,66.89,23.78,0,26.31,0
81.64,0,0,21.38,16.33,66.89,23.78,0,26.25,0
82.12,0,0,21.72,16.33,66.89,23.78,0,26.36,0
82.12,0,0,21.38,15.67,66.89,23.78,0,26.23,0
82.12,0,0,21.38,16,66.89,24.48,0,26.36,0
81.64,0,0,21.72,16,66.45,23.78,0,26.2,0
82.12,0,0,21.72,15.67,66.89,24.13,0,26.32,0
82.12,0,0,21.72,16,66.89,23.78,0,26.31,0
82.12,0,0,21.72,15.67,66.89,24.13,0,26.32,0
82.12,0,0,21.72,16,66.89,23.78,0,26.31,0
82.12,0,0,21.72,16.33,66.89,24.48,0,26.44,0
81.64,0,0,21.72,16,66.45,23.78,0,26.2,0
81.64,0,0,21.72,16,66.45,23.78,0,26.2,0
81.64,0,0,21.38,16.33,66.45,23.44,0,26.15,0
81.64,0,0,21.72,16,66.01,23.09,0,26.06,0
81.64,0,0,21.72,16,66.01,23.44,0,26.1,0
81.64,0,0,21.72,16,66.01,23.78,0,26.14,0
81.64,0,0,21.72,16,66.01,23.09,0,26.06,0
81.64,0,0,21.72,16.33,66.45,23.09,0,26.15,0
81.64,0,0,21.72,16.33,66.45,23.44,0,26.2,0
81.64,0,0,21.38,16,66.45,23.44,0,26.11,0
81.64,0,0,21.72,16,66.01,23.44,0,26.1,0
81.64,0,0,21.72,16,66.45,23.44,0,26.16,0
81.64,0,0,21.72,16,66.45,23.09,0,26.11,0
81.64,0,0,21.38,16.33,66.45,23.78,0,26.2,0
81.64,0,0,21.38,16,66.45,23.44,0,26.11,0
81.64,0,0,21.72,16.33,66.89,23.78,0,26.3,0
81.64,0,0,21.72,16.33,66.45,23.78,0,26.24,0
82.12,0,0,22.06,16,66.45,24.13,0,26.35,0
81.64,0,0,21.38,16.33,66.89,23.78,0,26.25,0
82.12,0,0,21.72,15.67,66.45,23.78,0,26.22,0
82.12,0,0,21.72,16,66.89,24.13,0,26.36,0
82.12,0,0,22.06,16,66.45,23.78,0,26.3,0
81.64,0,0,21.38,16,66.89,23.78,0,26.21,0
81.64,0,0,21.38,16,66.89,23.78,0,26.21,0
81.64,0,0,21.38,15.67,66.45,23.44,0,26.07,0
81.64,0,0,21.72,16.67,66.45,23.44,0,26.24,0
81.64,0,0,21.38,16,66.89,23.44,0,26.17,0
81.16,0,0,21.72,15.67,66.89,23.44,0,26.11,0
82.12,0,0,21.72,16,66.45,23.44,0,26.22,0
80.68,0,0,21.38,16,66.45,23.44,0,25.99,0
80.68,0,0,21.72,15.67,66.45,23.09,0,25.95,0
80.68,0,0,21.38,16,66.45,23.09,0,25.95,0
81.64,0,0,21.38,16,66.45,23.09,0,26.07,0
81.64,0,0,21.38,16,66.45,23.09,0,26.07,0
81.16,0,0,21.38,16,66.45,23.44,0,26.05,0
81.64,0,0,21.38,16,66.45,23.09,0,26.07,0
81.16,0,0,21.38,15.67,66.89,23.09,0,26.02,0
81.16,0,0,21.72,15.67,66.89,23.44,0,26.11,0
81.64,0,0,21.04,16,66.01,23.09,0,25.97,0
81.64,0,0,21.38,16,66.45,23.09,0,26.07,0
82.12,0,0,21.38,16,66.45,23.44,0,26.17,0
81.64,0,0,21.38,16,66.45,23.44,0,26.11,0
81.64,0,0,21.38,16,66.45,23.44,0,26.11,0
81.16,0,0,21.38,16,66.45,23.44,0,26.05,0
80.68,0,0,21.04,16,66.89,23.09,0,25.96,0
80.68,0,0,21.04,15.67,66.45,23.44,0,25.91,0
81.16,0,0,21.38,16,66.45,23.09,0,26.01,0
80.68,0,0,20.69,16,66.45,23.09,0,25.87,0
80.68,0,0,21.38,15.67,66.01,23.09,0,25.85,0
81.16,0,0,21.04,16,66.45,23.09,0,25.97,0
80.68,0,0,21.04,15.67,66.45,23.09,0,25.87,0
80.68,0,0,21.04,15.67,66.45,23.09,0,25.87,0
80.68,0,0,21.04,15.67,66.45,23.44,0,25.91,0
80.68,0,0,20.69,15.67,66.01,23.44,0,25.81,0
81.16,0,0,21.04,15.67,66.45,23.44,0,25.97,0
81.16,0,0,20.69,16,66.01,23.09,0,25.87,0
80.68,0,0,20.69,16,66.01,23.09,0,25.81,0
80.68,0,0,20.69,16,66.01,23.09,0,25.81,0
79.73,0,0,20.69,15.67,66.45,23.44,0,25.75,0
80.21,0,0,20.69,15.67,66.45,23.44,0,25.81,0
80.21,0,0,20.69,15.67,66.45,23.09,0,25.76,0
79.73,0,0,20.36,15.67,66.01,23.44,0,25.65,0
80.68,0,0,20.36,16,66.01,23.09,0,25.77,0
80.21,0,0,20.36,16,65.57,23.09,0,25.65,0
81.16,0,0,20.02,16,66.01,23.09,0,25.78,0
80.68,0,0,20.02,15.67,66.01,23.09,0,25.68,0
80.68,0,0,20.36,15.67,66.01,23.09,0,25.73,0
80.68,0,0,20.36,16,66.01,23.44,0,25.81,0
80.68,0,0,20.36,15.34,66.45,23.09,0,25.74,0
81.16,0,0,21.04,16,66.45,23.44,0,26.01,0
80.68,0,0,21.04,16,66.45,23.78,0,25.99,0
81.16,0,0,21.04,16,66.45,23.78,0,26.05,0
81.16,0,0,20.69,16.33,66.45,23.78,0,26.05,0
82.12,0,0,21.04,16,67.34,23.78,0,26.28,0
81.64,0,0,21.04,16,66.89,23.44,0,26.13,0
81.64,0,0,21.38,16,66.89,23.78,0,26.21,0
81.64,0,0,21.72,16,67.34,23.78,0,26.31,0
81.64,0,0,21.38,16,66.89,24.13,0,26.26,0
81.16,0,0,21.72,16.33,66.89,23.78,0,26.24,0
81.64,0,0,21.72,16,66.89,24.13,0,26.3,0
82.12,0,0,21.38,16,66.45,24.48,0,26.3,0
81.64,0,0,21.72,16,66.45,24.13,0,26.24,0
82.12,0,0,21.38,16,66.45,24.13,0,26.26,0
82.12,0,0,22.06,15.67,66.89,23.78,0,26.32,0
81.64,0,0,21.72,16.33,66.89,23.78,0,26.3,0
81.64,0,0,21.38,16.33,66.89,24.13,0,26.3,0
81.64,0,0,21.72,16,66.89,24.13,0,26.3,0
82.12,0,0,22.06,16.33,66.89,24.13,0,26.44,0
81.64,0,0,22.06,16,66.89,24.13,0,26.34,0
81.64,0,0,22.06,16,66.89,24.13,0,26.34,0
81.16,0,0,21.38,16,66.89,24.13,0,26.2,0
81.64,0,0,21.38,16,66.89,23.78,0,26.21,0
81.16,0,0,21.38,16,66.89,24.13,0,26.2,0
81.16,0,0,21.72,15.67,66.89,24.13,0,26.2,0
80.68,0,0,21.72,16,66.89,24.13,0,26.18,0
80.68,0,0,21.72,16,66.45,24.48,0,26.17,0
80.68,0,0,21.38,16,66.45,24.13,0,26.08,0
81.16,0,0,21.72,16,66.45,24.13,0,26.18,0
81.16,0,0,22.06,16,66.45,23.78,0,26.18,0
81.16,0,0,21.72,16,66.89,23.78,0,26.19,0
81.16,0,0,21.38,16,66.89,23.78,0,26.15,0
81.16,0,0,21.38,16,66.89,23.44,0,26.11,0
81.16,0,0,21.38,16,66.45,23.78,0,26.1,0
81.16,0,0,21.38,16,66.45,23.44,0,26.05,0
81.16,0,0,21.72,16,66.89,23.78,0,26.19,0
81.64,0,0,21.72,15.67,66.89,23.44,0,26.17,0
81.16,0,0,21.72,16,66.45,23.78,0,26.14,0
81.16,0,0,21.38,16,66.45,23.78,0,26.1,0
81.16,0,0,21.38,16,66.89,23.78,0,26.15,0
81.64,0,0,21.72,16,66.89,23.78,0,26.25,0
81.64,0,0,21.38,16,66.89,24.13,0,26.26,0
82.12,0,0,21.72,16,66.89,24.13,0,26.36,0
82.12,0,0,21.72,16,67.34,24.13,0,26.41,0
82.12,0,0,21.72,16,66.89,24.13,0,26.36,0
82.12,0,0,21.38,16,66.45,24.13,0,26.26,0
81.64,0,0,21.38,16,66.45,24.13,0,26.2,0
82.12,0,0,21.72,16,66.89,23.78,0,26.31,0
81.64,0,0,21.38,16,66.89,24.13,0,26.26,0
81.64,0,0,21.38,16,66.45,23.78,0,26.16,0
81.64,0,0,21.72,15.67,66.89,23.78,0,26.21,0
81.64,0,0,21.38,16.33,66.89,23.78,0,26.25,0
81.64,0,0,21.72,16,66.89,23.78,0,26.25,0
82.12,0,0,21.38,16,66.45,23.78,0,26.22,0
81.64,0,0,21.72,16.33,66.89,23.78,0,26.3,0
81.64,0,0,21.38,16,66.45,23.44,0,26.11,0
81.16,0,0,21.38,15.67,66.45,23.09,0,25.97,0
81.64,0,0,21.38,16.33,66.45,23.09,0,26.11,0
81.64,0,0,21.38,16,66.45,23.44,0,26.11,0
81.64,0,0,21.38,16,66.89,23.09,0,26.13,0
81.64,0,0,21.38,16,66.45,23.78,0,26.16,0
81.64,0,0,21.38,16,66.01,22.75,0,25.97,0
81.64,0,0,21.38,16,66.45,23.44,0,26.11,0
81.64,0,0,21.38,16,66.01,23.44,0,26.06,0
81.16,0,0,21.38,16.33,66.45,23.09,0,26.05,0
81.64,0,0,21.04,16,66.01,23.44,0,26.02,0
81.16,0,0,21.04,16,66.89,23.09,0,26.02,0
81.16,0,0,21.04,16.33,66.45,23.09,0,26.01,0
81.16,0,0,20.69,16,66.01,23.09,0,25.87,0
81.16,0,0,21.04,16,66.45,23.09,0,25.97,0
81.64,0,0,21.38,16,66.01,23.44,0,26.06,0
81.16,0,0,21.04,16,66.01,23.44,0,25.96,0
80.68,0,0,20.69,16,66.45,23.09,0,25.87,0
80.68,0,0,21.04,16,66.89,23.09,0,25.96,0
81.64,0,0,21.04,16,66.45,23.09,0,26.03,0
80.68,0,0,21.04,16,66.01,23.44,0,25.9,0
81.64,0,0,21.04,16.33,66.45,23.09,0,26.07,0
81.16,0,0,21.04,15.67,66.01,23.09,0,25.87,0
81.16,0,0,21.38,15.67,66.45,23.44,0,26.01,0
81.16,0,0,21.04,15.67,66.01,23.09,0,25.87,0
80.68,0,0,21.04,15.67,66.45,23.44,0,25.91,0
81.16,0,0,21.04,16,66.89,23.44,0,26.07,0
81.16,0,0,20.69,16.33,66.45,23.44,0,26.01,0
81.16,0,0,21.04,16,66.89,23.44,0,26.07,0
81.64,0,0,21.04,16.33,66.01,23.44,0,26.06,0
81.64,0,0,21.04,15.67,66.45,23.44,0,26.03,0
81.16,0,0,21.04,16,66.45,23.09,0,25.97,0
81.64,0,0,21.04,16,66.01,23.44,0,26.02,0
81.16,0,0,21.04,16,66.45,23.44,0,26.01,0
81.64,0,0,21.04,16,66.01,23.44,0,26.02,0
81.16,0,0,21.04,15.67,66.01,23.09,0,25.87,0
81.64,0,0,21.04,16,66.45,23.09,0,26.03,0
81.16,0,0,20.69,15.67,66.01,23.09,0,25.83,0
81.64,0,0,20.69,16,66.45,23.09,0,25.98,0
81.16,0,0,20.36,16,66.01,22.75,0,25.78,0
81.64,0,0,21.04,15.67,66.45,22.75,0,25.94,0
81.64,0,0,20.69,15.67,66.01,23.44,0,25.93,0
81.64,0,0,20.36,15.67,66.45,23.09,0,25.9,0
81.16,0,0,21.04,15.67,66.01,22.75,0,25.83,0
81.16,0,0,21.04,15.67,66.45,22.75,0,25.88,0
81.16,0,0,20.69,16,66.01,23.44,0,25.91,0
81.16,0,0,21.04,15.67,66.01,23.09,0,25.87,0
81.16,0,0,20.69,15.67,66.01,23.44,0,25.87,0
81.16,0,0,21.04,15.67,66.01,23.44,0,25.91,0
81.64,0,0,21.04,15.67,66.45,23.44,0,26.03,0
81.64,0,0,21.04,16,66.45,23.09,0,26.03,0
81.16,0,0,20.69,15.34,66.45,23.09,0,25.84,0
82.12,0,0,21.38,16,66.89,23.78,0,26.27,0
82.12,0,0,21.04,16,66.45,23.78,0,26.17,0
82.12,0,0,21.04,16,66.89,23.78,0,26.23,0
82.12,0,0,21.72,15.67,67.34,23.44,0,26.29,0
82.12,0,0,21.72,16.67,66.89,23.78,0,26.4,0
81.64,0,0,21.72,16,66.89,23.78,0,26.25,0
82.12,0,0,21.38,16,66.89,24.13,0,26.32,0
82.12,0,0,22.06,16,66.45,24.13,0,26.35,0
82.12,0,0,21.72,16,66.45,24.13,0,26.3,0
138.84,32.31,0,62.08,106.09,73.66,25.53,0,54.81,1
138.84,32.68,0,62.08,105.01,73.66,25.53,0,54.72,1
138.84,31.95,0.3,62.08,105.55,73.2,25.88,0,54.72,1
138.84,32.31,0,62.08,105.55,73.2,25.53,0,54.69,1
138.84,32.68,0,62.08,105.55,73.66,25.88,0,54.84,1
138.21,31.95,0,61.65,105.01,73.66,25.53,0,54.5,1
138.84,32.31,0,61.65,105.01,73.2,25.88,0,54.61,1
138.21,32.31,0,61.65,105.01,73.66,25.53,0,54.55,1
136.95,31.95,0,61.65,105.55,73.66,25.88,0,54.45,1
136.95,31.95,0,62.08,105.55,73.66,25.53,0,54.46,1
136.95,31.95,0,61.65,105.01,73.66,25.53,0,54.34,1
136.33,31.95,0,62.08,105.01,73.66,25.53,0,54.32,1
136.95,31.95,0,61.65,105.55,73.2,25.53,0,54.35,1
136.95,31.95,0.3,62.08,104.47,73.2,25.53,0,54.31,1
136.33,31.59,0,61.65,105.55,73.2,25.53,0,54.23,1
136.95,31.95,0,61.65,105.55,73.66,25.53,0,54.41,1
136.95,32.31,0,61.65,106.09,73.2,25.53,0,54.47,1
136.95,31.95,0,62.08,106.09,72.74,25.53,0,54.42,1
136.95,31.95,0,61.65,105.55,73.2,25.53,0,54.35,1
136.95,31.95,0,61.65,105.55,72.74,25.18,0,54.25,1
136.95,31.95,0,61.65,106.09,72.74,25.53,0,54.36,1
136.95,31.95,0,61.65,106.09,72.29,25.53,0,54.31,1
136.95,31.95,0,61.65,105.01,72.74,25.53,0,54.23,1
136.95,31.59,0,61.65,103.94,72.74,25.53,0,54.05,1
136.33,32.31,0,61.65,103.94,72.74,25.18,0,54.02,1
136.33,31.95,0,61.22,103.4,72.74,25.53,0,53.9,1
136.33,31.95,0,61.22,102.87,72.74,25.53,0,53.83,1
136.95,32.31,0,61.65,103.4,72.74,25.88,0,54.12,1
136.95,31.59,0,61.22,103.4,72.74,25.18,0,53.88,1
136.95,31.95,0,61.22,103.94,73.2,26.23,0,54.19,1
138.21,32.31,0,61.22,103.4,73.2,25.53,0,54.23,1
138.84,32.68,0,61.22,103.94,73.66,25.88,0,54.53,1
140.1,32.31,0.3,62.08,103.94,73.66,26.23,0,54.83,1
140.1,32.68,0.3,61.65,103.4,73.66,25.88,0,54.71,1
140.1,32.68,0.6,61.65,103.4,74.12,25.88,0,54.8,1
140.74,32.68,0.3,62.08,102.87,74.12,25.88,0,54.83,1
140.1,32.68,0.3,62.08,102.87,74.12,26.23,0,54.8,1
140.1,32.68,0,61.65,103.4,74.12,25.88,0,54.73,1
140.1,32.68,0,62.08,103.4,74.12,26.23,0,54.83,1
140.1,32.68,0.3,62.08,102.87,74.12,25.88,0,54.75,1
140.1,33.05,0,62.08,102.87,74.12,26.23,0,54.81,1
140.74,32.68,0,61.65,102.33,74.12,25.88,0,54.67,1
140.1,33.05,0.3,62.51,101.8,74.12,25.88,0,54.72,1
139.47,33.05,0,61.65,100.74,74.12,26.23,0,54.41,1
139.47,33.05,0.3,61.65,99.69,74.12,26.23,0,54.31,1
138.84,32.68,0,62.08,100.22,73.66,25.88,0,54.17,1
138.84,33.05,0,62.08,100.22,73.66,26.23,0,54.26,1
138.21,32.68,0,62.08,99.69,74.12,26.23,0,54.13,1
138.21,32.68,0,62.08,99.69,74.12,26.23,0,54.13,1
137.58,32.68,0,61.65,99.69,73.66,26.23,0,53.94,1
138.21,32.68,0,62.51,99.69,73.2,25.88,0,54.02,1
137.58,32.68,0,62.51,99.17,73.66,25.88,0,53.93,1
137.58,32.31,0,62.08,99.17,73.66,25.88,0,53.83,1
136.95,32.31,0,62.08,98.65,73.2,25.88,0,53.63,1
136.95,32.31,0,62.51,98.65,74.12,25.88,0,53.8,1
136.95,31.95,0,62.51,98.65,73.2,25.53,0,53.6,1
136.95,31.95,0.6,62.51,98.12,73.66,25.88,0,53.71,1
136.95,32.31,0,62.51,97.08,72.74,26.23,0,53.48,1
137.58,30.86,0,62.51,95.54,73.2,25.53,0,53.15,1
136.95,30.5,0,62.51,95.54,73.2,25.88,0,53.07,1
136.95,30.86,0,62.51,96.05,73.2,25.53,0,53.14,1
136.95,30.86,0,62.08,95.54,72.74,25.88,0,53.01,1
136.95,30.5,0,62.08,95.54,73.2,26.23,0,53.06,1
136.95,30.86,0,61.65,95.02,73.2,25.88,0,52.95,1
137.58,30.5,0,62.08,96.05,73.2,25.88,0,53.16,1
137.58,30.5,0,62.08,96.57,73.2,25.88,0,53.23,1
136.95,30.5,0,62.08,96.05,73.66,25.88,0,53.14,1
136.95,30.5,0,62.08,95.54,73.2,25.88,0,53.02,1
136.95,30.5,0,62.08,95.54,73.2,25.88,0,53.02,1
136.95,30.14,0,62.08,95.02,73.2,25.88,0,52.91,1
136.95,30.5,0.3,62.51,95.02,73.2,25.88,0,53.05,1
136.95,30.14,0,62.51,95.54,73.2,25.88,0,53.03,1
136.95,30.14,0,62.51,95.54,73.2,25.88,0,53.03,1
137.58,30.14,0,62.51,95.02,72.74,25.88,0,52.98,1
136.33,30.5,0,62.08,95.02,73.2,25.88,0,52.88,1
136.33,30.14,0,62.08,95.54,73.2,25.88,0,52.9,1
136.33,30.5,0,62.08,95.02,73.2,25.88,0,52.88,1
136.33,30.5,0,62.08,95.54,73.2,25.88,0,52.94,1
136.33,30.14,0.3,62.08,95.02,73.66,25.88,0,52.93,1
136.33,30.5,0,62.08,95.54,72.74,25.88,0,52.88,1
136.33,30.5,0,61.65,95.02,72.74,25.88,0,52.76,1
135.7,30.14,0.3,62.08,94.51,73.2,25.88,0,52.73,1
135.7,30.5,0,62.08,94.51,73.2,25.88,0,52.73,1
136.33,30.86,0,62.08,94.51,73.2,25.88,0,52.86,1
136.33,30.14,0,62.08,94,73.2,25.88,0,52.7,1
136.33,30.5,0.3,61.65,92.98,73.2,25.53,0,52.56,1
135.7,30.14,0,60.79,92.98,73.2,25.88,0,52.34,1
135.7,30.14,0,60.79,92.98,73.2,25.88,0,52.34,1
135.7,30.5,0,60.79,91.46,72.74,25.88,0,52.13,1
135.7,30.5,0.3,60.79,90.96,73.2,25.88,0,52.17,1
135.7,30.14,0,60.36,90.46,73.2,25.53,0,51.92,1
135.7,30.14,0,60.79,90.96,73.2,25.53,0,52.04,1
135.7,30.5,0,60.36,89.96,73.2,25.88,0,51.95,1
135.7,30.14,0,60.79,90.46,72.74,25.53,0,51.92,1
135.7,30.14,0,60.79,90.46,72.74,25.53,0,51.92,1
135.7,30.5,0,60.79,90.96,72.74,25.53,0,52.03,1
135.7,30.14,0,60.79,90.96,72.74,25.53,0,51.98,1
135.7,30.14,0,60.79,90.96,72.74,25.53,0,51.98,1
135.7,30.14,0,60.36,91.97,72.74,25.53,0,52.06,1
136.33,29.78,0,60.36,92.47,72.74,25.53,0,52.15,1
136.95,30.14,0,60.36,91.97,72.74,25.53,0,52.21,1
135.7,30.14,0,60.79,91.97,73.2,25.53,0,52.17,1
135.7,30.14,0,60.36,91.97,72.74,25.88,0,52.1,1
135.7,30.14,0,60.79,91.46,73.2,25.88,0,52.15,1
135.7,30.14,0,60.36,92.47,72.74,25.53,0,52.12,1
135.7,30.14,0,60.36,92.47,72.29,25.53,0,52.06,1
135.7,29.78,0,60.79,91.46,73.2,25.53,0,52.06,1
135.7,29.78,0,60.36,91.97,72.74,25.53,0,52.01,1
136.33,29.78,0.3,60.79,91.97,71.83,25.53,0,52.07,1
135.7,30.14,0.3,60.36,91.97,72.29,25.18,0,51.99,1
135.7,29.78,0,60.36,91.97,71.83,25.53,0,51.9,1
135.7,29.78,0,60.36,91.97,71.83,25.53,0,51.9,1
135.7,29.78,0,60.36,91.97,72.29,25.53,0,51.95,1
136.33,30.14,0,60.36,91.97,72.74,25.53,0,52.13,1
136.33,30.14,0,60.79,91.97,73.2,25.88,0,52.29,1
136.33,30.14,0,61.22,91.97,73.66,25.88,0,52.4,1
136.95,29.78,0,61.65,91.97,73.66,25.88,0,52.49,1
137.58,30.14,0,61.65,91.46,73.66,25.88,0,52.55,1
138.21,30.14,0,62.08,92.47,74.12,25.88,0,52.86,1
138.84,30.14,0,62.08,91.97,74.12,25.88,0,52.88,1
138.84,30.5,0,62.51,92.98,74.12,25.53,0,53.06,1
138.84,31.95,0,62.51,92.98,74.12,26.23,0,53.33,1
138.84,32.31,0,62.51,92.98,74.58,25.88,0,53.39,1
138.84,32.31,0,62.51,92.47,74.12,25.88,0,53.27,1
138.84,32.68,0,62.51,92.98,74.58,26.23,0,53.48,1
138.84,32.68,0,62.08,92.47,74.12,26.23,0,53.3,1
138.84,32.31,0.3,62.51,92.47,74.12,25.88,0,53.3,1
138.84,32.68,0,62.51,92.47,74.12,25.88,0,53.31,1
138.84,32.68,0,62.51,92.47,74.12,25.88,0,53.31,1
138.21,32.68,0,62.51,92.47,74.58,25.88,0,53.29,1
138.84,32.68,0,62.51,92.47,74.12,25.88,0,53.31,1
138.84,32.68,0,62.51,92.47,74.12,26.23,0,53.36,1
138.21,31.95,0,62.08,92.47,73.66,25.88,0,53.03,1
137.58,31.95,0,62.51,91.46,73.66,25.88,0,52.88,1
136.95,31.95,0,62.08,91.46,73.66,25.88,0,52.75,1
136.95,31.95,0.3,61.22,91.46,73.66,25.88,0,52.68,1
136.33,31.59,0,61.22,90.96,73.66,25.53,0,52.41,1
136.33,31.95,0,61.22,90.46,73.2,26.23,0,52.42,1
136.33,31.59,0,61.22,90.46,73.2,25.88,0,52.33,1
136.33,31.59,0,60.79,89.96,72.74,25.88,0,52.16,1
135.7,31.59,0,61.22,89.96,73.66,26.23,0,52.29,1
136.33,31.59,0,60.79,89.96,72.74,25.88,0,52.16,1
135.7,31.95,0,60.79,89.96,73.66,25.53,0,52.2,1
135.7,31.59,0.3,60.79,89.46,73.2,25.88,0,52.11,1
135.7,31.22,0,61.22,89.96,73.66,25.88,0,52.21,1
136.33,31.95,0,60.79,89.96,73.2,25.88,0,52.26,1
135.7,31.22,0,60.79,89.96,73.2,25.88,0,52.09,1
135.08,31.95,0,61.22,89.96,73.2,25.88,0,52.16,1
135.7,31.95,0,61.22,90.46,73.66,25.88,0,52.36,1
135.7,31.95,0,60.79,90.96,73.2,25.88,0,52.31,1
135.7,31.59,0,60.79,91.46,73.2,25.88,0,52.33,1
135.7,31.59,0,60.79,90.96,73.66,26.58,0,52.41,1
135.7,31.59,0,61.22,90.96,73.66,25.88,0,52.38,1
136.33,31.59,0.3,61.22,91.46,73.66,26.23,0,52.6,1
135.7,31.59,0,60.79,90.46,73.2,25.88,0,52.2,1
135.7,31.59,0,60.79,90.46,73.2,25.88,0,52.2,1
135.7,31.59,0,60.36,91.46,73.66,25.88,0,52.33,1
135.7,31.59,0.3,60.79,91.46,73.2,25.88,0,52.36,1
135.7,31.95,0,61.22,91.46,72.74,25.53,0,52.33,1
135.7,31.59,0,61.22,90.96,73.66,25.53,0,52.33,1
135.7,31.59,0,61.22,90.96,73.2,25.88,0,52.32,1
135.7,31.59,0,60.79,91.46,73.2,25.53,0,52.28,1
135.7,31.59,0,60.79,90.96,73.66,25.88,0,52.32,1
135.7,31.59,0,60.79,90.96,72.74,25.53,0,52.16,1
135.7,31.59,0,60.79,90.96,73.2,25.88,0,52.26,1
136.33,29.78,0,60.79,89.96,72.74,25.88,0,51.93,1
135.7,30.14,0,60.79,89.96,72.74,25.88,0,51.9,1
135.7,29.78,0,60.79,90.46,72.74,25.88,0,51.92,1
135.7,29.42,0.3,60.79,89.96,72.74,25.88,0,51.85,1
135.7,29.78,0,60.79,89.96,73.2,25.88,0,51.91,1
135.7,30.14,0.3,60.36,89.96,72.74,25.88,0,51.89,1
136.33,29.78,0,60.36,89.96,73.2,25.53,0,51.89,1
136.33,29.78,0,60.36,89.96,72.29,25.53,0,51.78,1
135.7,29.78,0,60.79,89.46,72.74,25.88,0,51.79,1
135.7,29.78,0.3,60.79,89.46,72.74,26.23,0,51.88,1
135.7,29.42,0,60.79,89.46,72.74,25.53,0,51.71,1
135.7,29.42,0,60.36,88.96,73.2,25.88,0,51.69,1
135.7,29.42,0.6,60.79,88.96,72.29,25.18,0,51.62,1
136.33,29.78,0.3,60.79,89.46,72.29,25.53,0,51.81,1
135.7,29.78,0.3,60.79,88.96,72.29,25.53,0,51.67,1
136.33,29.78,0.3,60.79,88.96,71.83,25.53,0,51.69,1
135.7,30.14,0,60.36,88.46,71.83,25.53,0,51.5,1
135.08,29.78,0.3,60.36,88.46,71.83,25.53,0,51.42,1
135.08,29.42,0.3,60.36,88.46,71.83,26.23,0,51.46,1
135.08,29.78,0.3,60.36,88.46,71.83,25.18,0,51.37,1
135.7,29.42,0.3,60.36,88.46,71.83,25.53,0,51.45,1
135.7,29.42,0.3,60.36,88.46,71.83,25.53,0,51.45,1
135.08,29.78,0.3,60.36,88.46,71.83,25.53,0,51.42,1
135.08,27.29,0.3,60.36,88.46,71.83,25.18,0,51.06,1
135.08,27.64,0.3,60.36,87.97,71.83,25.18,0,51.04,1
135.08,27.64,0,60.36,87.47,71.83,25.88,0,51.03,1
135.08,27.99,0.3,59.93,87.97,71.83,25.53,0,51.08,1
135.08,27.64,0.3,59.93,88.46,71.38,25.53,0,51.04,1
135.08,27.29,0.3,59.93,88.46,70.92,25.53,0,50.94,1
135.08,27.99,0.3,59.93,88.96,70.92,25.53,0,51.09,1
135.7,27.64,0.3,59.93,88.96,71.38,25.53,0,51.18,1
135.7,27.64,0.3,59.51,89.46,71.38,25.53,0,51.19,1
135.7,27.99,0.3,59.93,88.96,71.38,25.53,0,51.22,1
135.7,27.99,0.3,59.08,88.96,71.38,25.53,0,51.12,1
135.7,27.64,0.3,59.51,88.96,71.38,25.53,0,51.13,1
135.7,27.64,0.3,59.51,87.97,71.38,25.53,0,51,1
135.7,27.64,0,59.51,88.46,71.38,25.53,0,51.03,1
135.7,27.99,0,59.08,88.96,71.38,25.53,0,51.08,1
135.7,27.99,0,59.51,89.46,70.92,25.88,0,51.18,1
135.7,27.64,0,59.51,89.96,70.92,25.88,0,51.2,1
135.7,27.64,0,59.51,89.96,71.38,25.53,0,51.21,1
135.7,27.99,0,59.51,88.96,71.38,25.53,0,51.13,1
136.33,27.99,0,59.93,88.96,71.38,25.53,0,51.26,1
135.7,27.99,0,59.93,88.46,71.83,25.88,0,51.23,1
136.33,27.99,0,59.93,89.46,72.29,25.88,0,51.48,1
136.33,28.35,0.3,60.79,89.46,73.2,25.88,0,51.79,1
136.95,27.99,0.6,60.79,88.96,72.74,25.88,0,51.74,1
136.33,28.35,0,61.22,89.96,72.74,25.88,0,51.81,1
136.95,28.35,0,60.79,88.96,72.74,25.53,0,51.67,1
137.58,28.35,0.6,60.79,89.46,73.2,25.88,0,51.98,1
136.33,31.95,0.6,61.22,89.96,73.2,26.23,0,52.44,1
136.33,31.95,0.3,61.22,89.96,73.2,26.23,0,52.4,1
136.33,31.59,0.3,61.22,89.46,73.2,25.88,0,52.25,1
136.33,31.59,0.6,61.22,88.46,73.66,25.88,0,52.22,1
136.33,31.59,0.3,61.22,87.97,73.66,26.23,0,52.16,1
136.95,31.95,0.3,61.22,88.96,73.66,26.23,0,52.41,1
136.95,31.22,0,60.79,88.96,73.2,26.58,0,52.21,1
136.33,31.59,0.3,61.22,88.46,73.66,25.88,0,52.18,1
136.95,31.59,0.9,61.22,89.46,74.12,26.23,0,52.56,1
136.33,31.59,0.3,61.22,88.96,73.66,26.23,0,52.28,1
136.33,31.59,0.3,60.79,89.46,73.66,26.23,0,52.29,1
136.95,31.95,0.3,60.36,88.96,73.66,25.88,0,52.26,1
136.95,31.59,0,60.36,89.46,73.66,25.88,0,52.24,1
136.95,31.59,0.3,60.36,88.96,73.2,25.88,0,52.15,1
136.95,31.59,0,60.36,88.46,73.2,26.23,0,52.1,1
136.33,31.22,0.3,59.93,87.47,73.2,25.88,0,51.79,1
136.33,31.59,0.6,59.51,86.49,73.2,25.88,0,51.7,1
135.7,31.59,0,59.93,86.49,73.2,26.23,0,51.64,1
135.7,31.59,0,59.93,85.51,72.29,25.88,0,51.36,1
135.7,31.95,0,60.36,85.51,72.74,25.88,0,51.52,1
135.7,31.22,0,59.93,85.51,72.74,25.88,0,51.37,1
135.7,31.59,0.3,59.51,84.53,72.74,25.88,0,51.28,1
135.7,31.22,0,59.51,84.53,72.74,25.88,0,51.2,1
135.7,31.59,0.3,59.51,84.53,72.74,25.88,0,51.28,1
135.7,31.59,0,59.51,84.53,72.74,25.88,0,51.24,1
135.7,31.59,0.3,59.93,84.05,72.74,25.88,0,51.27,1
136.33,31.59,0.6,59.51,84.05,72.74,25.88,0,51.34,1
136.33,31.95,0.3,59.93,83.56,72.74,25.88,0,51.34,1
136.33,31.59,0.3,59.51,83.56,73.2,26.23,0,51.34,1
136.33,31.59,0.3,59.51,83.56,72.74,25.88,0,51.24,1
135.7,31.95,0,59.51,83.08,72.29,25.88,0,51.05,1
136.33,31.59,0.3,59.51,84.05,72.29,25.88,0,51.24,1
136.33,31.95,0,59.51,83.56,72.29,26.23,0,51.23,1
136.33,31.59,0.3,59.51,83.56,71.38,25.88,0,51.07,1
136.33,31.59,0.3,59.51,83.56,71.83,25.88,0,51.12,1
136.33,31.95,0.3,59.08,84.05,72.29,26.23,0,51.28,1
136.33,31.59,0.3,59.08,83.56,71.83,25.88,0,51.07,1
136.33,31.59,0,59.08,83.56,71.83,26.23,0,51.08,1
136.33,31.59,0.3,59.51,83.56,71.83,25.88,0,51.12,1
136.95,31.59,0,59.08,83.56,72.29,25.88,0,51.17,1
135.7,31.59,0.6,59.08,83.08,71.83,26.23,0,51.01,1
135.7,31.59,0.3,58.66,83.08,71.83,25.88,0,50.88,1
135.08,31.59,0,58.66,82.6,71.83,25.88,0,50.7,1
135.08,30.14,0,58.66,82.6,72.29,25.53,0,50.54,1
135.08,29.78,0,58.66,82.12,71.83,25.53,0,50.37,1
135.08,30.14,0,58.66,82.12,71.38,26.23,0,50.45,1
134.46,29.78,0,58.23,82.6,71.83,25.88,0,50.35,1
135.08,29.78,0,58.66,83.08,71.83,25.88,0,50.54,1
134.46,29.78,0,58.23,82.6,71.83,25.53,0,50.3,1
134.46,29.78,0,58.66,83.08,71.38,25.53,0,50.36,1
134.46,30.14,0,58.23,82.6,71.38,25.18,0,50.25,1
134.46,29.78,0,58.23,82.12,71.83,25.53,0,50.24,1
135.08,29.78,0,58.23,83.56,71.83,25.53,0,50.5,1
135.08,29.78,0.3,58.23,83.08,71.83,25.53,0,50.48,1
135.08,29.78,0,58.23,83.08,71.83,25.88,0,50.49,1
135.08,29.78,0,57.81,83.08,71.83,25.53,0,50.39,1
133.84,29.78,0.3,57.39,83.56,71.83,25.53,0,50.28,1
134.46,29.78,0,57.39,84.05,71.38,25.18,0,50.28,1
134.46,30.14,0,57.39,84.05,71.38,25.53,0,50.37,1
134.46,29.78,0.3,58.23,84.53,71.83,25.53,0,50.58,1
134.46,30.14,0,58.23,84.05,71.38,25.18,0,50.43,1
134.46,30.14,0,57.81,84.53,71.38,25.88,0,50.53,1
133.84,29.78,0,57.81,84.05,71.38,25.53,0,50.3,1
134.46,29.78,0,57.81,84.53,71.38,25.53,0,50.44,1
134.46,29.78,0,57.81,84.53,71.83,25.53,0,50.49,1
134.46,29.78,0,57.81,84.53,71.83,25.53,0,50.49,1
134.46,29.42,0,57.39,84.05,70.92,25.53,0,50.22,1
135.08,29.42,0,57.81,84.05,70.92,25.53,0,50.35,1
134.46,29.42,0,57.39,84.53,71.38,25.88,0,50.38,1
135.08,29.42,0,57.81,84.05,70.92,25.18,0,50.31,1
135.08,29.06,0,57.39,84.53,71.38,25.53,0,50.37,1
134.46,29.42,0,57.39,84.53,70.92,25.53,0,50.28,1
134.46,29.42,0,56.97,85.02,70.92,25.53,0,50.29,1
134.46,29.06,0,57.81,85.02,70.92,25.53,0,50.35,1
134.46,29.42,0,57.39,85.02,71.38,25.18,0,50.36,1
134.46,29.06,0.3,57.39,85.02,71.38,25.53,0,50.39,1
133.84,29.42,0,57.39,85.51,71.38,25.53,0,50.38,1
133.84,29.06,0.3,57.39,85.02,70.92,25.53,0,50.26,1
134.46,29.42,0.3,57.39,85.02,71.38,25.18,0,50.39,1
133.84,29.06,0,56.97,85.02,71.38,25.53,0,50.23,1
133.84,29.42,0,56.97,84.05,70.92,25.53,0,50.09,1
133.84,28.71,0,57.39,84.05,70.92,25.18,0,50.01,1
133.84,28.71,0,56.97,85.02,70.92,25.53,0,50.12,1
134.46,28.71,0,56.97,84.05,70.92,25.18,0,50.04,1
220.29,70.92,82.6,88.96,166.33,161.4,143.3,9.21,117.88,2
221.17,70.92,83.08,88.96,166.33,161.4,142.66,9.53,118.01,2
220.29,70.92,83.56,88.46,167.04,160.7,142.66,9.21,117.86,2
220.29,70.47,83.56,88.46,166.33,161.4,142.66,9.21,117.8,2
220.29,70.47,83.08,88.46,166.33,160.7,143.3,9.53,117.77,2
219.4,70.47,83.08,88.46,165.62,161.4,142.66,9.85,117.62,2
218.52,70.02,82.6,88.46,166.33,160.7,143.3,9.85,117.47,2
218.52,70.02,81.64,88.46,165.62,160.7,143.3,9.85,117.26,2
217.65,69.57,81.64,88.46,165.62,160.7,142.66,9.53,116.98,2
218.52,70.02,81.64,87.97,166.33,160.7,142.66,10.17,117.25,2
218.52,69.57,82.12,87.97,166.33,160.7,142.02,9.53,117.09,2
218.52,69.12,81.16,87.97,165.62,160.7,142.66,9.21,116.87,2
218.52,69.12,80.68,88.46,165.62,160.7,142.66,8.9,116.83,2
217.65,68.23,81.16,87.97,165.62,160.7,142.02,9.21,116.57,2
215.9,67.78,80.68,87.97,165.62,160.01,142.02,8.9,116.11,2
215.9,67.78,81.16,87.97,164.91,160.01,142.66,9.21,116.2,2
215.9,67.34,80.68,87.97,165.62,160.7,142.02,8.9,116.14,2
215.9,67.34,80.68,87.47,165.62,160.7,142.66,9.21,116.2,2
215.9,68.23,80.68,87.47,165.62,160.7,142.66,8.9,116.27,2
215.9,67.34,81.16,87.47,165.62,160.7,142.66,8.9,116.22,2
215.9,67.34,81.16,86.98,165.62,161.4,142.66,9.21,116.28,2
215.9,67.34,81.16,86.98,165.62,160.7,142.66,8.9,116.16,2
215.03,67.78,81.16,86.49,164.91,160.7,143.3,8.9,116.03,2
212.45,67.34,80.68,86.49,165.62,161.4,142.02,8.9,115.61,2
212.45,67.78,81.16,86,164.91,160.7,142.02,8.9,115.49,2
212.45,67.78,80.68,86,165.62,160.7,142.66,8.58,115.56,2
211.59,66.89,81.16,86,165.62,160.7,142.66,8.9,115.44,2
212.45,66.89,80.21,86,164.91,160.7,142.66,8.9,115.34,2
211.59,66.45,80.21,86.49,165.62,160.01,142.66,8.27,115.16,2
213.31,66.89,79.73,85.02,164.91,160.7,142.02,8.58,115.14,2
213.31,66.01,79.26,85.02,164.91,160.7,142.66,8.58,115.06,2
213.31,66.01,78.31,85.02,164.91,160.7,142.66,8.58,114.94,2
213.31,65.57,78.79,85.02,164.91,160.7,142.02,8.27,114.82,2
211.59,66.01,78.79,85.02,164.91,160.7,142.66,8.27,114.74,2
211.59,66.01,78.31,85.02,164.91,160.01,142.66,8.27,114.6,2
211.59,66.01,77.84,85.02,164.91,160.01,142.66,8.58,114.58,2
211.59,66.01,77.84,85.51,164.91,160.7,142.66,8.27,114.69,2
211.59,65.13,78.31,84.53,164.91,160.01,142.66,8.58,114.47,2
211.59,65.57,78.31,85.02,164.2,160.01,143.3,8.58,114.57,2
212.45,65.13,77.84,84.53,164.2,159.31,142.66,8.58,114.34,2
211.59,65.57,78.79,84.53,164.91,160.01,142.66,8.27,114.54,2
212.45,66.01,78.79,84.53,164.91,160.01,142.66,8.27,114.7,2
211.59,65.57,79.26,84.53,164.91,160.01,143.3,8.58,114.72,2
211.59,66.01,79.26,85.02,164.2,160.01,142.66,8.27,114.63,2
211.59,66.01,78.31,85.51,164.91,160.01,142.66,8.27,114.66,2
211.59,66.45,79.26,85.51,164.91,160.01,142.66,7.95,114.79,2
211.59,66.45,80.68,86,166.33,160.7,142.66,8.27,115.33,2
212.45,67.78,80.21,86.49,165.62,160.7,142.02,8.27,115.44,2
212.45,68.23,80.68,86.49,165.62,160.7,143.3,8.9,115.8,2
212.45,68.67,80.68,86,165.62,161.4,142.66,8.9,115.8,2
212.45,68.67,81.64,86.49,166.33,161.4,142.66,9.53,116.15,2
212.45,69.57,81.64,86,166.33,160.7,145.89,10.17,116.59,2
212.45,69.12,81.16,86,165.62,161.4,145.89,10.17,116.47,2
213.31,70.02,81.16,85.51,165.62,161.4,146.55,10.49,116.76,2
212.45,69.57,82.12,85.51,165.62,161.4,146.55,10.49,116.71,2
212.45,70.47,82.6,86,166.33,161.4,146.55,10.49,117.03,2
213.31,70.47,83.08,85.02,166.33,161.4,146.55,10.49,117.08,2
212.45,70.92,83.08,86,166.33,160.7,146.55,10.81,117.1,2
212.45,71.38,83.56,86,166.33,160.7,146.55,10.81,117.22,2
212.45,70.92,83.56,85.02,166.33,160.7,146.55,10.49,117,2
212.45,71.38,83.08,85.02,166.33,160.7,145.89,10.81,116.96,2
211.59,70.92,83.56,85.02,166.33,160.7,145.24,10.81,116.77,2
210.73,70.92,83.56,85.02,165.62,160.7,143.3,10.49,116.29,2
211.59,70.47,83.56,85.02,165.62,160.7,143.3,10.49,116.34,2
210.73,70.47,84.05,85.02,166.33,160.7,142.66,10.49,116.31,2
210.73,70.92,84.05,85.02,165.62,160.7,143.3,10.17,116.31,2
209.88,70.47,83.56,85.02,166.33,160.01,141.38,9.53,115.77,2
209.88,70.02,82.12,84.53,164.91,160.01,142.66,9.85,115.5,2
209.88,68.67,82.12,84.53,164.91,159.31,141.38,9.53,115.04,2
209.88,67.78,82.12,84.53,164.2,160.01,139.47,9.21,114.65,2
209.04,67.78,81.64,85.51,164.2,160.01,141.38,9.53,114.89,2
209.04,66.89,81.64,85.51,164.2,160.01,140.74,9.53,114.69,2
209.88,66.89,81.16,85.02,164.2,160.01,140.74,9.21,114.64,2
209.04,66.89,81.16,85.51,164.2,160.01,140.74,9.53,114.63,2
209.88,67.34,81.64,86.49,164.2,160.01,141.38,9.21,115.02,2
209.88,66.89,81.16,86.49,164.2,160.01,141.38,9.21,114.9,2
209.04,66.89,81.64,86.98,164.91,160.7,141.38,8.9,115.05,2
209.04,66.89,81.64,86.49,164.2,160.7,141.38,9.21,114.94,2
209.88,67.34,82.12,86.49,164.91,160.7,141.38,8.9,115.21,2
209.88,67.78,81.64,86,164.91,160.01,141.38,9.53,115.14,2
209.04,68.23,81.64,86.49,164.91,160.01,142.02,9.21,115.19,2
209.04,67.78,81.64,86.98,165.62,160.7,141.38,9.53,115.33,2
209.04,67.78,81.64,86.49,164.91,160.7,141.38,9.53,115.18,2
209.88,66.89,82.12,86.49,164.91,160.7,141.38,9.21,115.2,2
209.88,66.89,81.64,86,164.91,160.01,140.74,9.53,114.95,2
209.04,66.01,81.64,86.49,164.2,159.31,141.38,8.9,114.62,2
208.19,65.57,81.16,85.02,164.2,160.01,140.74,8.58,114.18,2
209.04,65.57,80.68,86,163.5,159.31,140.74,8.58,114.18,2
209.04,65.13,80.21,85.51,163.5,159.31,140.74,8.9,114.04,2
209.04,65.57,80.68,85.51,162.79,160.01,140.1,8.58,114.04,2
209.04,65.57,80.68,85.51,162.79,160.01,140.74,8.58,114.11,2
209.04,66.01,81.16,85.51,162.79,160.01,141.38,8.9,114.35,2
209.04,66.01,81.16,85.51,162.79,160.01,141.38,8.9,114.35,2
209.04,65.57,81.16,85.51,163.5,160.01,140.74,8.9,114.3,2
209.04,65.57,81.16,85.51,163.5,160.01,140.74,8.9,114.3,2
209.88,66.01,80.68,85.51,163.5,160.01,140.74,8.9,114.4,2
209.04,65.57,80.21,84.05,163.5,160.01,141.38,8.9,114.08,2
209.04,65.57,79.73,85.02,162.79,159.31,140.74,8.9,113.89,2
209.04,65.57,79.26,85.51,162.79,159.31,140.74,8.9,113.89,2
209.04,64.69,79.26,85.02,162.79,159.31,140.74,8.58,113.68,2
209.88,64.25,78.31,84.53,162.09,158.62,140.1,8.58,113.3,2
209.04,64.69,77.37,84.05,161.4,158.62,140.1,8.27,112.94,2
207.35,63.81,76.91,84.05,162.09,159.31,139.47,7.64,112.58,2
207.35,63.81,75.51,84.05,160.7,157.94,138.84,7.95,112.02,2
206.51,64.25,74.58,84.05,160.01,157.94,138.21,7.64,111.65,2
206.51,63.81,73.66,84.53,159.31,157.25,138.21,7.95,111.41,2
206.51,63.38,74.12,84.05,160.01,158.62,138.21,7.95,111.61,2
206.51,63.81,73.2,84.53,160.01,157.94,138.21,7.95,111.52,2
206.51,63.81,72.74,84.53,160.01,157.94,138.84,7.64,111.5,2
206.51,63.81,72.74,84.05,159.31,157.94,138.84,7.95,111.39,2
205.67,63.81,72.74,84.05,160.01,157.94,138.21,7.33,111.22,2
205.67,63.81,72.74,84.05,159.31,157.25,137.58,7.64,111.01,2
205.67,63.81,72.74,84.05,160.01,157.94,138.21,7.95,111.3,2
205.67,64.25,73.2,84.05,160.01,157.94,138.21,7.64,111.37,2
205.67,63.81,72.74,84.05,160.01,157.94,138.84,7.95,111.38,2
205.67,63.81,72.74,84.05,160.01,157.94,138.84,8.27,111.42,2
205.67,63.81,73.2,84.05,160.01,157.94,138.84,7.64,111.39,2
205.67,64.25,72.74,83.56,160.01,157.25,138.84,7.95,111.28,2
205.67,63.81,72.29,84.05,160.01,157.25,138.84,7.64,111.19,2
205.67,63.81,72.29,83.56,160.01,157.25,138.21,7.95,111.09,2
205.67,63.81,72.29,83.56,160.01,157.25,138.21,7.64,111.06,2
204.84,64.25,72.29,83.56,160.01,157.25,137.58,7.64,110.93,2
204.84,63.81,72.29,83.56,159.31,157.94,138.21,7.64,110.95,2
204.84,63.38,71.83,83.56,158.62,157.25,138.21,7.95,110.71,2
204,63.38,71.38,83.56,158.62,157.25,136.95,7.33,110.31,2
204.84,63.38,70.92,83.56,157.94,156.57,137.58,7.33,110.26,2
204,63.38,70.47,83.56,156.57,157.25,136.33,7.64,109.9,2
203.18,63.81,70.47,84.05,156.57,155.88,135.7,7.33,109.62,2
203.18,63.38,70.92,84.53,156.57,156.57,135.7,7.33,109.77,2
204,63.81,71.38,84.53,157.94,156.57,135.08,7.33,110.08,2
204,63.81,72.29,84.53,158.62,157.25,136.33,7.02,110.48,2
204.84,63.81,72.74,85.02,159.31,157.25,137.58,7.64,111.03,2
204.84,63.81,73.2,85.02,160.01,157.25,137.58,7.64,111.17,2
205.67,64.25,73.2,85.51,159.31,157.25,138.21,7.95,111.42,2
205.67,63.81,72.74,86.49,160.01,157.25,138.84,8.9,111.71,2
205.67,64.25,72.74,86.49,160.01,157.94,140.74,9.21,112.13,2
205.67,64.25,73.2,86.49,160.01,157.94,140.74,9.85,112.27,2
205.67,63.81,73.66,86.49,160.01,158.62,140.74,10.49,112.44,2
205.67,64.25,73.66,86.49,160.01,157.94,140.74,9.85,112.33,2
205.67,64.25,73.2,86.49,160.01,157.94,140.74,9.85,112.27,2
205.67,63.81,73.2,86.49,160.01,157.94,140.74,9.85,112.21,2
205.67,63.81,73.2,86.49,160.01,158.62,140.74,10.17,112.34,2
205.67,63.81,72.74,86.49,160.01,157.94,140.74,9.85,112.16,2
205.67,63.81,72.74,86,160.01,157.94,140.74,9.53,112.06,2
205.67,63.81,72.74,86.49,160.01,157.25,140.1,9.85,111.99,2
205.67,63.81,72.29,86,160.01,157.25,140.1,9.53,111.83,2
207.35,63.81,72.29,86,159.31,157.25,139.47,9.53,111.88,2
207.35,63.38,71.83,86,159.31,157.25,140.1,9.53,111.84,2
208.19,63.81,71.38,86,159.31,157.94,140.1,9.53,112.03,2
209.04,63.81,70.92,86,158.62,157.25,140.1,9.21,111.87,2
209.04,63.38,71.38,86,157.25,156.57,140.1,8.9,111.58,2
209.04,63.38,70.92,86,157.25,157.25,138.84,8.58,111.41,2
209.88,63.38,71.38,85.02,157.25,157.25,138.84,9.21,111.53,2
209.88,63.38,71.38,86,157.94,157.94,138.84,8.9,111.78,2
210.73,63.81,71.83,86,157.25,158.62,140.1,8.9,112.16,2
210.73,64.25,72.29,86,158.62,158.62,140.74,8.9,112.52,2
211.59,63.81,72.74,86.98,158.62,158.62,140.1,8.9,112.67,2
213.31,63.81,72.29,86.98,158.62,157.94,140.1,9.21,112.78,2
213.31,63.81,72.74,87.47,159.31,158.62,140.74,8.58,113.08,2
213.31,64.25,72.29,86.98,159.31,158.62,140.1,8.58,112.93,2
213.31,63.81,71.83,87.47,158.62,158.62,140.74,8.9,112.91,2
213.31,64.25,72.29,86.98,158.62,158.62,140.1,8.9,112.88,2
213.31,64.25,72.74,86.98,158.62,158.62,140.1,9.21,112.98,2
214.17,63.81,72.29,86.98,159.31,158.62,140.74,8.9,113.1,2
213.31,63.81,72.29,86.98,158.62,158.62,140.74,9.21,112.95,2
214.17,64.25,72.29,86.49,159.31,158.62,140.74,8.9,113.1,2
214.17,64.25,72.29,86.98,159.31,158.62,140.74,8.9,113.16,2
214.17,64.25,72.29,86.98,160.01,158.62,140.1,8.9,113.17,2
215.03,64.25,72.29,86.98,160.01,158.62,140.74,8.9,113.35,2
215.03,63.81,72.29,86.98,160.01,158.62,140.74,8.9,113.3,2
214.17,63.81,72.29,86.98,160.01,158.62,140.74,8.9,113.19,2
214.17,64.25,72.74,86.98,160.01,158.62,140.74,9.21,113.34,2
214.17,63.81,72.29,87.47,160.01,158.62,140.74,8.9,113.25,2
215.03,64.25,72.29,86.98,160.01,158.62,140.74,8.58,113.31,2
215.03,64.25,72.29,86.98,160.01,158.62,140.74,8.58,113.31,2
214.17,64.25,72.29,87.47,159.31,157.94,140.74,8.58,113.09,2
215.03,63.81,71.83,86.98,158.62,158.62,140.1,8.58,112.95,2
214.17,63.81,72.29,86.98,158.62,158.62,140.74,8.58,112.98,2
215.03,63.81,72.29,86.98,158.62,157.94,140.74,8.9,113.04,2
215.03,64.25,71.83,86.49,158.62,157.94,140.74,8.58,112.94,2
217.65,63.81,72.29,86.98,159.31,157.94,140.74,8.58,113.41,2
217.65,64.25,71.83,86.98,159.31,157.94,140.74,8.58,113.41,2
217.65,64.25,71.83,86.98,158.62,157.94,140.1,8.58,113.24,2
217.65,63.81,72.29,86.98,158.62,157.94,140.1,8.58,113.25,2
217.65,64.25,71.83,87.97,157.94,157.94,140.1,8.58,113.28,2
217.65,63.38,72.29,86.98,158.62,157.25,140.74,8.58,113.19,2
217.65,63.81,72.29,87.47,159.31,157.94,140.74,8.58,113.47,2
218.52,63.81,72.29,87.47,158.62,157.94,140.74,8.58,113.5,2
218.52,63.81,71.83,87.47,157.94,157.94,140.74,8.9,113.39,2
218.52,63.81,72.29,86.98,158.62,157.94,140.74,8.58,113.44,2
220.29,64.25,72.74,87.47,159.31,157.94,140.74,8.9,113.96,2
219.4,63.81,72.29,86.98,157.25,157.25,140.74,8.27,113.25,2
219.4,63.81,71.83,86.98,157.94,157.94,140.1,8.27,113.28,2
219.4,63.81,71.83,87.47,157.94,157.25,140.74,7.95,113.3,2
219.4,63.81,71.83,87.47,157.94,157.94,140.1,8.27,113.35,2
219.4,63.81,71.83,87.47,157.94,157.25,140.1,8.27,113.26,2
220.29,63.81,72.29,86.98,157.94,157.25,140.1,8.9,113.44,2
219.4,63.38,72.29,87.97,157.25,157.25,140.1,8.58,113.28,2
219.4,63.81,71.83,86.98,157.25,157.25,140.1,8.58,113.15,2
219.4,64.25,72.29,88.46,157.94,157.25,140.1,8.58,113.54,2
219.4,63.81,72.29,87.47,158.62,157.25,139.47,8.9,113.4,2
219.4,63.81,72.29,87.97,158.62,157.94,140.1,8.9,113.63,2
219.4,63.81,72.29,87.47,157.94,157.94,139.47,9.21,113.44,2
219.4,63.81,72.74,87.97,157.94,157.94,140.1,8.9,113.6,2
220.29,64.25,72.74,86.98,157.94,157.94,140.74,8.9,113.72,2
219.4,64.25,73.2,86.98,157.94,157.94,140.1,8.9,113.59,2
220.29,64.69,73.66,87.47,157.94,157.94,140.74,9.21,113.99,2
219.4,64.69,74.12,87.47,157.94,157.94,140.74,9.21,113.94,2
219.4,64.25,74.12,86.98,157.25,157.94,140.74,9.21,113.74,2
219.4,64.69,75.05,86.98,158.62,157.94,140.1,9.21,114,2
220.29,64.25,74.58,87.97,157.94,157.94,140.74,9.21,114.11,2
220.29,64.25,75.97,87.47,159.31,157.94,140.74,8.9,114.36,2
220.29,64.25,76.91,87.97,160.01,157.94,142.02,8.9,114.78,2
220.29,64.69,77.84,87.97,159.31,157.94,142.02,9.21,114.91,2
220.29,64.69,77.84,87.97,159.31,158.62,141.38,8.9,114.88,2
219.4,64.25,77.84,88.46,160.01,158.62,141.38,8.9,114.86,2
220.29,64.69,78.79,88.46,161.4,158.62,142.66,8.58,115.44,2
220.29,65.13,79.73,88.46,162.09,159.31,141.38,8.9,115.66,2
221.17,66.89,80.21,88.46,162.09,159.31,143.3,9.21,116.33,2
221.17,67.34,80.68,88.96,162.09,159.31,143.3,8.9,116.47,2
221.17,67.34,81.64,88.96,162.09,159.31,142.66,9.53,116.59,2
220.29,67.34,81.64,88.96,162.79,159.31,142.66,10.17,116.64,2
221.17,67.34,81.64,89.96,162.79,160.01,142.66,10.81,117.05,2
220.29,67.34,82.12,89.96,163.5,159.31,143.3,10.81,117.08,2
220.29,68.23,81.64,89.96,163.5,160.01,145.89,10.81,117.54,2
220.29,67.78,81.64,90.46,163.5,160.01,147.2,10.81,117.71,2
220.29,67.78,81.64,89.96,162.79,160.01,147.2,11.45,117.64,2
220.29,66.89,80.68,89.46,162.09,160.7,147.2,11.13,117.3,2
221.17,66.01,79.73,89.96,162.79,160.01,146.55,11.13,117.17,2
220.29,65.13,79.26,88.96,161.4,160.01,143.95,10.81,116.22,2
221.17,65.13,78.31,89.46,160.7,159.31,143.3,10.81,116.02,2
220.29,65.13,77.37,88.96,161.4,159.31,143.3,10.81,115.82,2
221.17,65.13,77.84,88.96,161.4,159.31,143.3,11.13,116.03,2
220.29,64.69,78.31,88.96,160.7,159.31,143.3,10.81,115.8,2
220.29,65.13,78.31,88.96,161.4,160.01,143.95,10.81,116.11,2
221.17,65.57,78.31,88.46,161.4,160.01,143.3,10.81,116.13,2
221.17,65.57,78.79,88.96,161.4,160.01,143.95,10.49,116.29,2
221.17,65.13,78.79,88.96,160.7,160.01,143.3,10.49,116.07,2
222.06,65.13,78.79,88.46,161.4,159.31,143.3,10.49,116.12,2
222.06,65.13,78.79,88.46,161.4,159.31,143.3,10.17,116.08,2
221.17,65.13,78.31,88.46,161.4,159.31,142.02,10.17,115.75,2
221.17,64.25,76.91,88.46,161.4,159.31,142.02,9.85,115.42,2
222.06,64.69,76.44,88.46,161.4,158.62,142.02,9.85,115.44,2
220.29,64.69,75.05,88.46,160.01,158.62,141.38,10.17,114.83,2
221.17,64.69,74.58,88.46,160.01,157.94,141.38,9.85,114.76,2
221.17,64.69,74.58,88.46,160.01,157.94,141.38,9.53,114.72,2
221.17,64.69,75.05,88.46,160.7,158.62,141.38,9.53,114.95,2
221.17,64.69,75.05,88.46,160.7,159.31,142.02,9.85,115.16,2
221.17,64.69,74.58,88.46,160.7,159.31,142.02,9.85,115.1,2
220.29,64.69,74.58,88.46,159.31,159.31,142.66,9.53,114.86,2
221.17,64.25,74.58,87.97,160.01,159.31,142.02,9.85,114.9,2
221.17,64.69,73.2,87.97,160.01,158.62,142.66,9.85,114.77,2
221.17,64.69,73.2,88.46,160.01,158.62,142.02,9.85,114.75,2
220.29,64.25,72.74,88.46,159.31,158.62,142.02,9.85,114.44,2
221.17,63.81,72.74,87.97,158.62,158.62,140.1,9.85,114.11,2
220.29,63.81,73.2,88.46,158.62,157.94,140.74,9.21,114.04,2
220.29,63.81,72.74,87.97,158.62,157.25,141.38,9.21,113.91,2
219.4,64.25,72.74,87.47,157.94,157.94,140.1,9.21,113.63,2
219.4,63.81,70.92,87.47,157.25,157.25,140.1,9.53,113.22,2
218.52,63.81,70.92,87.47,157.25,157.94,139.47,9.21,113.08,2
218.52,63.81,71.38,87.47,156.57,157.25,140.1,9.21,113.04,2
218.52,63.81,71.38,87.97,156.57,157.25,140.1,9.21,113.1,2
218.52,63.81,71.38,87.97,155.88,157.94,140.74,9.21,113.18,2
218.52,63.81,71.83,87.97,156.57,157.94,141.38,9.53,113.44,2
218.52,63.81,71.83,87.97,156.57,157.94,140.74,9.21,113.32,2
218.52,64.25,71.83,87.47,156.57,157.94,141.38,9.21,113.4,2
219.4,63.81,71.38,87.97,155.88,157.94,140.74,9.21,113.29,2
219.4,63.81,71.83,87.97,155.88,157.94,141.38,9.21,113.43,2
219.4,64.25,72.29,87.97,156.57,157.94,141.38,9.21,113.63,2
218.52,63.81,71.83,87.47,156.57,157.94,141.38,8.9,113.3,2
219.4,64.25,72.29,87.47,156.57,157.25,140.74,9.53,113.44,2
219.4,63.81,72.29,87.47,156.57,157.94,141.38,8.9,113.47,2
219.4,64.25,72.29,87.97,156.57,158.62,141.38,9.53,113.75,2
219.4,64.25,72.74,87.97,157.25,158.62,141.38,9.53,113.89,2
219.4,63.81,72.29,88.46,157.25,158.62,142.02,9.21,113.88,2
220.29,64.25,72.29,87.97,157.25,158.62,142.02,9.21,113.99,2
219.4,63.81,72.29,87.47,157.25,158.62,142.02,9.21,113.76,2
219.4,64.25,71.83,87.97,157.25,157.94,142.02,8.9,113.69,2
219.4,64.25,72.74,88.46,157.25,158.62,142.02,9.21,114,2
220.29,64.25,72.74,87.97,157.94,159.31,142.02,8.9,114.18,2
219.4,64.25,73.2,86.98,157.94,158.62,142.02,8.9,113.91,2
219.4,64.25,73.2,87.47,157.94,158.62,143.3,9.21,114.18,2
219.4,64.25,73.2,87.47,157.94,158.62,143.3,9.21,114.18,2
219.4,64.69,73.2,87.97,158.62,158.62,143.3,9.21,114.38,2
219.4,63.81,73.66,87.97,158.62,159.31,143.3,9.53,114.45,2
220.29,64.25,73.66,87.47,157.94,158.62,143.3,8.9,114.3,2
220.29,64.25,73.66,87.47,157.94,158.62,143.95,8.9,114.38,2
220.29,64.25,74.12,87.97,158.62,159.31,143.3,8.9,114.6,2
220.29,64.25,73.2,87.47,157.94,158.62,143.95,8.58,114.29,2
220.29,64.25,73.2,87.97,157.94,157.94,143.95,9.21,114.34,2
219.4,64.25,72.74,87.47,157.25,157.94,143.3,8.9,113.91,2
220.29,64.25,72.29,87.47,157.25,157.94,143.3,8.9,113.96,2
219.4,64.25,71.83,87.97,155.88,157.94,142.02,8.27,113.45,2
217.65,64.25,71.38,87.47,155.88,157.94,142.02,7.95,113.07,2
218.52,63.81,69.57,86.98,155.2,157.94,140.74,7.95,112.59,2
217.65,63.38,69.57,87.47,153.85,157.25,140.74,7.95,112.23,2
217.65,62.94,69.12,86.98,152.51,157.94,140.1,8.27,111.94,2
217.65,62.94,69.12,86.49,153.18,157.25,139.47,8.27,111.8,2
217.65,62.94,69.12,86,153.18,157.25,138.84,7.95,111.62,2
216.77,63.38,69.12,86.49,152.51,157.94,138.21,7.95,111.55,2
217.65,63.81,69.12,86.49,153.18,157.94,138.84,7.95,111.87,2
178.75,131.39,145.89,102.87,160.01,186.37,147.2,13.06,133.19,3
179.5,131.39,145.24,103.4,160.7,186.37,147.2,13.06,133.36,3
178.75,130.17,145.89,102.87,160.01,186.37,147.2,13.06,133.04,3
178.75,130.17,145.24,102.87,160.01,186.37,147.2,13.06,132.96,3
178.75,130.17,144.59,103.4,160.01,186.37,147.2,13.06,132.94,3
178.75,130.17,144.59,103.4,159.31,186.37,146.55,13.06,132.78,3
178,130.17,144.59,103.4,159.31,187.14,146.55,12.73,132.74,3
178.75,130.17,143.95,102.87,159.31,185.6,147.2,12.73,132.57,3
178.75,130.78,143.95,103.4,158.62,186.37,147.86,13.06,132.85,3
178.75,130.17,144.59,102.87,160.7,187.14,147.2,13.38,133.1,3
178.75,130.78,144.59,103.4,161.4,187.14,147.86,12.73,133.33,3
178.75,130.78,145.24,102.87,160.7,187.14,148.52,13.06,133.38,3
178.75,130.78,144.59,103.4,160.7,187.14,147.86,12.73,133.25,3
178.75,130.78,144.59,102.87,161.4,186.37,147.2,12.41,133.05,3
179.5,131.39,143.95,102.87,161.4,186.37,146.55,12.41,133.05,3
179.5,130.78,143.3,102.33,161.4,186.37,147.2,13.06,132.99,3
178.75,130.78,143.3,102.33,161.4,186.37,147.86,12.41,132.9,3
178.75,129.57,143.3,101.27,161.4,186.37,147.2,12.73,132.57,3
178.75,130.17,143.3,101.27,160.7,187.14,147.2,12.41,132.62,3
178.75,130.17,143.3,100.74,160.01,187.14,147.2,12.41,132.47,3
178.75,129.57,143.95,100.22,160.01,187.14,146.55,12.41,132.32,3
178,130.78,143.3,99.17,160.01,187.14,145.89,12.73,132.13,3
178,130.78,143.3,98.12,159.31,187.14,145.24,12.41,131.79,3
179.5,131.39,143.95,98.12,158.62,187.92,145.89,12.73,132.27,3
178.75,131.39,143.95,98.12,159.31,187.14,145.89,12.41,132.12,3
178.75,132,145.24,98.12,158.62,187.14,143.95,12.73,132.07,3
178.75,132,145.24,97.6,158.62,187.14,144.59,12.41,132.05,3
178,132.61,144.59,97.6,158.62,187.14,145.24,12.41,132.03,3
178.75,132,145.24,97.6,157.94,187.14,145.24,12.41,132.04,3
178,132,144.59,97.6,157.25,187.14,145.24,12.41,131.78,3
178,131.39,144.59,97.08,153.18,187.14,144.59,12.41,131.05,3
178.75,130.78,143.95,97.08,152.51,187.14,143.3,12.41,130.74,3
178.75,130.78,143.3,96.57,149.84,187.14,143.95,12.41,130.34,3
178.75,131.39,143.3,96.57,149.84,187.14,143.95,12.41,130.42,3
174.29,131.39,142.66,96.57,151.17,187.92,144.59,12.41,130.13,3
174.29,130.78,142.66,96.57,152.51,187.14,144.59,13.06,130.2,3
174.29,131.39,143.3,96.57,152.51,187.14,145.89,12.41,130.44,3
174.29,130.17,143.3,96.05,152.51,187.14,146.55,13.06,130.38,3
174.29,130.17,143.3,96.05,151.17,187.92,145.89,12.73,130.19,3
173.56,130.17,142.66,96.05,149.18,187.14,146.55,12.73,129.76,3
173.56,130.17,143.3,96.05,146.55,187.14,145.89,12.41,129.38,3
174.29,130.17,142.66,96.57,146.55,187.14,145.89,12.73,129.5,3
174.29,130.17,143.3,96.05,147.2,187.14,145.89,12.73,129.6,3
174.29,129.57,142.66,95.54,147.2,187.14,145.89,12.73,129.38,3
174.29,130.17,142.66,95.54,147.2,187.92,145.24,12.73,129.47,3
173.56,130.17,142.02,96.05,147.2,187.92,145.89,12.73,129.44,3
173.56,130.17,142.66,95.02,145.89,187.92,145.24,13.06,129.19,3
173.56,130.17,142.66,95.54,145.24,187.92,144.59,12.73,129.05,3
173.56,130.17,142.66,95.02,145.89,187.14,143.95,13.38,128.97,3
174.29,130.17,142.02,95.54,146.55,187.92,143.95,12.73,129.15,3
174.29,130.17,142.66,94.51,147.2,187.14,143.95,13.06,129.12,3
174.29,129.57,142.66,95.02,147.2,187.92,144.59,12.73,129.25,3
173.56,129.57,142.66,95.02,146.55,187.92,144.59,12.73,129.08,3
173.56,129.57,142.66,95.02,145.89,187.92,143.95,13.06,128.95,3
174.29,129.57,142.66,95.02,145.89,187.14,145.24,12.73,129.07,3
172.82,129.57,142.66,95.02,146.55,187.14,145.24,13.06,129.01,3
173.56,129.57,142.02,95.02,145.89,187.14,145.89,12.41,128.94,3
172.82,129.57,142.66,95.02,146.55,187.14,145.89,12.73,129.05,3
172.82,129.57,142.02,95.02,146.55,187.14,145.89,12.73,128.97,3
172.82,129.57,142.66,95.02,147.2,187.14,146.55,13.06,129.25,3
173.56,129.57,142.02,95.02,147.86,187.14,146.55,13.06,129.35,3
172.82,129.57,142.02,95.02,147.2,187.92,147.2,12.73,129.31,3
173.56,128.96,141.38,95.54,147.86,187.92,147.2,13.06,129.43,3
173.56,128.96,141.38,95.54,147.2,187.92,147.86,12.41,129.35,3
173.56,129.57,142.02,94.51,147.2,187.14,147.2,12.73,129.24,3
173.56,129.57,142.02,94.51,147.86,187.92,147.86,12.41,129.46,3
173.56,129.57,141.38,95.02,147.2,187.14,147.86,12.73,129.31,3
172.82,129.57,141.38,95.02,147.2,187.92,147.86,12.73,129.31,3
173.56,130.17,140.74,95.02,146.55,187.14,147.86,12.41,129.18,3
172.82,129.57,140.74,95.02,146.55,187.92,147.86,12.73,129.15,3
173.56,128.96,140.74,94.51,145.24,187.14,147.2,12.41,128.72,3
172.82,128.96,140.1,94,145.24,187.14,146.55,12.73,128.44,3
172.09,128.96,140.1,94,143.3,187.14,145.89,12.41,127.99,3
172.82,127.76,139.47,94,143.95,187.14,145.24,12.73,127.89,3
172.82,128.36,140.74,93.49,143.95,187.14,145.24,13.06,128.1,3
172.82,128.36,140.1,94,144.59,187.14,145.24,12.73,128.13,3
172.82,127.76,140.1,93.49,144.59,187.14,145.24,12.41,127.95,3
172.82,128.36,140.1,94,143.95,187.14,145.24,12.73,128.04,3
172.82,128.36,140.1,94,143.95,187.14,145.24,12.73,128.04,3
172.82,127.76,140.1,94,143.95,187.14,145.89,13.06,128.09,3
172.82,127.76,140.1,93.49,143.95,187.14,146.55,13.06,128.11,3
172.09,127.76,140.1,92.98,143.95,187.14,146.55,12.73,127.91,3
172.09,127.76,140.1,92.98,143.95,187.92,146.55,12.73,128.01,3
172.09,127.76,140.1,93.49,144.59,187.92,147.2,12.73,128.24,3
172.09,127.16,140.74,92.47,145.24,188.7,146.55,12.41,128.17,3
172.82,127.76,140.74,92.47,145.24,187.92,147.86,12.09,128.36,3
172.82,127.76,140.1,92.47,145.89,187.92,147.86,12.09,128.37,3
173.56,127.76,140.74,92.98,146.55,188.7,147.2,12.09,128.7,3
173.56,128.36,140.74,92.98,145.89,188.7,147.2,11.77,128.65,3
173.56,128.36,140.74,93.49,146.55,189.48,149.84,12.09,129.26,3
173.56,128.36,141.38,92.98,145.89,188.7,149.84,11.77,129.06,3
173.56,128.36,141.38,92.98,146.55,188.7,150.5,11.77,129.22,3
174.29,128.36,142.02,92.98,145.89,188.7,151.17,11.45,129.36,3
173.56,128.96,140.74,92.98,146.55,188.7,151.17,11.77,129.3,3
173.56,128.36,141.38,92.98,146.55,188.7,151.84,11.77,129.39,3
173.56,128.36,140.74,92.98,145.89,188.7,151.17,11.77,129.15,3
173.56,128.36,140.74,92.98,145.89,188.7,150.5,11.77,129.06,3
172.09,128.36,140.74,92.98,144.59,188.7,150.5,12.09,128.76,3
172.09,127.16,140.1,92.47,142.66,188.7,150.5,11.77,128.18,3
170.64,127.16,138.84,91.97,142.02,187.92,150.5,11.77,127.6,3
170.64,127.16,138.21,90.46,142.02,187.14,148.52,11.77,126.99,3
170.64,125.96,138.21,89.96,141.38,186.37,148.52,12.41,126.68,3
169.91,125.96,137.58,89.46,139.47,186.37,147.2,12.41,126.05,3
169.91,125.96,136.95,88.46,138.84,185.6,147.2,12.41,125.67,3
168.47,126.56,136.95,87.47,139.47,185.6,147.2,12.09,125.48,3
168.47,125.96,137.58,87.97,140.1,185.6,146.55,12.73,125.62,3
169.19,125.96,136.95,87.47,140.1,185.6,147.86,12.09,125.65,3
168.47,125.96,136.33,87.47,140.74,186.37,148.52,12.09,125.74,3
168.47,125.96,136.33,87.47,140.1,186.37,147.86,12.09,125.58,3
168.47,125.96,136.33,87.47,140.1,186.37,147.86,12.09,125.58,3
168.47,125.96,136.33,86.98,140.1,186.37,147.86,12.41,125.56,3
168.47,125.96,136.33,87.97,140.74,186.37,147.2,12.41,125.68,3
168.47,125.96,136.33,87.97,140.74,186.37,147.2,12.09,125.64,3
168.47,125.96,136.33,87.97,141.38,187.14,147.86,11.77,125.86,3
169.19,125.96,136.95,87.97,142.02,187.14,147.86,11.77,126.11,3
169.19,125.96,136.33,87.97,142.02,187.14,147.86,12.09,126.07,3
169.19,125.96,136.33,88.46,142.02,187.14,147.86,11.77,126.09,3
169.19,125.96,136.95,87.97,142.02,186.37,148.52,11.45,126.05,3
168.47,125.96,135.7,88.46,141.38,187.14,149.18,11.77,126.01,3
168.47,125.96,136.33,87.97,141.38,187.92,149.84,11.13,126.12,3
168.47,125.96,136.33,87.97,141.38,187.14,149.84,11.77,126.11,3
169.19,125.96,136.33,87.97,140.74,187.14,149.18,11.45,126,3
169.19,125.96,136.33,87.47,140.74,187.14,149.84,11.45,126.02,3
169.19,125.96,136.33,87.47,140.74,187.14,149.84,11.77,126.06,3
169.19,125.96,136.33,87.47,140.1,187.14,149.84,11.77,125.98,3
168.47,125.96,135.7,87.47,140.1,187.92,149.84,11.45,125.87,3
169.19,125.96,135.7,86.98,139.47,187.14,149.84,11.77,125.76,3
168.47,125.96,135.08,86.98,139.47,187.14,149.84,11.45,125.55,3
169.19,125.96,135.7,87.47,139.47,187.92,149.18,11.45,125.79,3
168.47,126.56,135.7,86.98,140.1,187.14,149.18,11.45,125.7,3
168.47,125.96,136.33,86.98,139.47,187.14,149.18,11.13,125.58,3
168.47,125.96,136.33,86.98,140.1,187.14,148.52,11.13,125.58,3
168.47,126.56,136.95,86.98,139.47,187.92,149.18,10.81,125.79,3
169.19,126.56,136.33,86.98,140.1,187.92,148.52,11.45,125.88,3
168.47,126.56,137.58,87.47,140.1,187.92,149.18,11.45,126.09,3
168.47,126.56,136.95,86.98,139.47,187.92,149.18,11.45,125.87,3
168.47,125.96,137.58,86.49,139.47,187.14,149.18,11.45,125.72,3
169.19,125.96,136.95,86.98,139.47,187.14,148.52,11.13,125.67,3
168.47,125.96,136.33,86.49,138.21,187.14,149.18,11.13,125.36,3
168.47,125.96,135.7,86,137.58,186.37,147.86,11.13,124.88,3
169.19,125.37,135.7,86,136.95,186.37,147.86,11.13,124.82,3
168.47,125.37,135.7,85.51,136.95,186.37,147.86,11.77,124.75,3
169.19,125.96,135.08,85.51,136.95,187.14,147.86,12.09,124.97,3
169.19,125.96,135.08,85.51,136.95,186.37,147.86,11.45,124.8,3
169.19,125.96,133.84,85.51,136.95,186.37,148.52,11.77,124.76,3
169.19,125.96,133.84,85.51,136.33,186.37,147.2,11.77,124.52,3
168.47,125.96,133.84,86,136.33,186.37,147.86,11.45,124.54,3
168.47,125.96,133.23,85.51,135.08,184.83,147.2,11.77,124.01,3
168.47,125.96,133.23,85.51,136.33,184.83,147.2,11.45,124.12,3
169.19,125.37,133.23,85.51,135.7,184.06,145.89,11.45,123.8,3
168.47,125.96,133.23,85.51,135.7,184.83,146.55,11.45,123.96,3
167.76,125.37,133.84,85.51,136.95,184.83,146.55,11.45,124.03,3
168.47,125.96,133.23,85.51,135.7,185.6,146.55,11.13,124.02,3
167.76,125.96,133.84,85.51,136.95,185.6,147.2,11.45,124.28,3
168.47,125.96,133.84,85.51,136.33,185.6,147.86,11.45,124.38,3
168.47,125.96,134.46,85.51,136.33,186.37,147.86,11.13,124.51,3
167.76,125.96,134.46,85.02,136.95,186.37,147.86,11.13,124.44,3
167.76,125.37,135.08,85.02,137.58,186.37,148.52,10.81,124.56,3
167.76,125.37,133.84,85.51,136.95,186.37,148.52,10.81,124.39,3
167.76,125.37,133.84,85.51,138.21,186.37,148.52,10.49,124.51,3
167.76,125.37,133.23,85.51,138.21,187.14,148.52,10.81,124.57,3
167.76,124.78,133.84,85.02,138.84,187.14,149.18,10.49,124.63,3
167.76,125.37,134.46,85.51,138.21,187.14,149.18,10.81,124.8,3
167.76,124.78,133.84,85.51,138.21,187.14,148.52,10.49,124.53,3
168.47,125.37,133.84,85.51,136.95,187.14,148.52,10.49,124.54,3
168.47,124.78,133.84,85.02,136.95,187.14,149.18,10.49,124.48,3
168.47,124.78,133.23,85.51,136.95,186.37,149.18,10.49,124.37,3
167.76,124.19,132.61,85.51,136.33,187.14,148.52,10.49,124.07,3
167.76,123.6,132.61,85.02,136.33,186.37,148.52,9.85,123.76,3
167.76,123.6,132,85.51,131.39,186.37,148.52,10.17,123.16,3
167.76,123.01,132,85.51,132.61,184.83,148.52,10.17,123.05,3
167.04,123.01,131.39,85.51,131.39,183.29,147.86,9.85,122.42,3
167.04,123.01,132,85.02,131.39,183.29,148.52,9.85,122.51,3
166.33,123.01,130.78,85.02,130.78,183.29,146.55,9.53,121.91,3
166.33,123.01,130.17,85.51,130.78,184.06,145.89,9.85,121.95,3
165.62,124.19,130.17,84.53,130.78,184.06,146.55,9.85,121.97,3
165.62,124.19,131.39,85.02,131.39,184.06,147.2,9.53,122.3,3
166.33,124.19,131.39,85.51,131.39,185.6,147.86,9.85,122.76,3
167.04,124.19,132,85.51,131.39,186.37,148.52,9.85,123.11,3
167.04,124.19,132,85.51,132,185.6,148.52,9.53,123.05,3
166.33,124.78,132,85.02,131.39,186.37,148.52,9.85,123.03,3
166.33,124.19,132,85.02,131.39,186.37,148.52,9.53,122.92,3
166.33,124.78,132,85.51,131.39,186.37,148.52,9.85,123.09,3
166.33,124.78,132,85.02,133.84,186.37,148.52,9.53,123.3,3
167.04,124.78,132.61,85.51,134.46,186.37,149.84,9.53,123.77,3
167.04,124.78,133.23,85.51,134.46,186.37,149.18,9.85,123.8,3
167.04,124.78,133.23,85.51,135.7,187.14,149.18,9.85,124.05,3
167.04,125.37,133.23,85.51,136.95,186.37,148.52,10.17,124.14,3
167.04,125.96,133.23,85.51,136.95,186.37,149.18,9.85,124.26,3
168.47,126.56,133.23,85.51,136.95,187.14,148.52,9.85,124.53,3
167.76,126.56,133.23,85.51,136.95,187.14,149.18,9.85,124.52,3
167.76,126.56,133.23,86,136.33,187.14,149.84,9.85,124.59,3
167.76,127.16,133.84,85.51,136.95,187.14,149.18,10.17,124.71,3
167.76,126.56,133.84,85.51,135.7,187.92,148.52,9.85,124.46,3
167.76,126.56,134.46,86,135.7,187.92,148.52,9.85,124.6,3
168.47,126.56,133.84,86.49,135.7,187.14,148.52,9.85,124.57,3
167.76,127.16,133.84,86,136.33,187.14,148.52,10.17,124.61,3
167.76,126.56,135.08,86,135.7,187.14,148.52,10.17,124.62,3
168.47,126.56,136.33,86,136.33,187.92,149.18,9.85,125.08,3
168.47,126.56,135.7,86,136.33,187.92,148.52,10.17,124.96,3
167.76,127.16,136.33,86.49,136.33,187.14,147.86,10.17,124.9,3
167.76,126.56,136.33,86.49,136.33,187.92,147.86,9.85,124.89,3
167.76,126.56,135.7,86.49,136.33,187.14,148.52,9.85,124.79,3
167.76,126.56,135.7,86,135.08,187.14,147.86,10.17,124.53,3
167.76,126.56,135.7,85.51,132.61,187.14,147.86,10.17,124.16,3
167.76,125.96,135.7,86,132.61,187.14,147.2,10.49,124.11,3
167.76,125.96,135.08,86,135.08,187.14,147.86,9.85,124.34,3
168.47,126.56,135.7,86,135.7,187.14,148.52,10.49,124.82,3
167.76,126.56,135.7,86,135.7,187.92,148.52,10.49,124.83,3
168.47,127.16,135.7,86,135.7,187.92,149.18,10.17,125.04,3
168.47,126.56,136.33,86,135.7,187.92,148.52,10.49,125,3
167.76,127.16,136.33,86.49,136.33,187.14,149.18,10.49,125.11,3
168.47,127.16,136.95,86,135.7,187.14,149.18,9.85,125.06,3
168.47,127.16,136.95,86.49,136.33,187.14,149.18,10.17,125.24,3
168.47,127.16,136.95,86.49,136.33,187.92,149.18,9.85,125.29,3
167.76,126.56,136.95,86,136.33,188.7,149.18,10.49,125.24,3
168.47,126.56,136.95,86.49,137.58,187.92,149.84,10.49,125.54,3
169.19,127.16,136.95,86,136.95,188.7,149.18,10.49,125.58,3
168.47,127.16,136.95,86.49,137.58,187.92,149.18,10.49,125.53,3
168.47,127.16,137.58,86.49,137.58,187.92,149.18,10.17,125.57,3
168.47,127.16,136.33,86.49,136.33,188.7,149.18,10.49,125.39,3
168.47,127.16,136.95,86.49,136.33,187.92,148.52,10.49,125.29,3
168.47,127.16,136.33,86.49,135.7,187.92,149.18,10.81,125.26,3
169.19,127.16,136.95,86,135.7,188.7,148.52,10.81,125.38,3
169.19,127.16,136.33,86,135.7,188.7,149.18,10.49,125.34,3
169.19,126.56,136.95,86.49,136.33,188.7,149.18,10.17,125.45,3
169.19,125.96,136.33,86,135.7,187.92,149.18,10.49,125.1,3
169.19,126.56,136.95,86.49,135.7,187.92,149.18,10.81,125.35,3
169.19,126.56,136.95,86.49,135.7,187.92,149.18,10.49,125.31,3
169.19,126.56,136.95,86,135.7,187.14,149.18,10.49,125.15,3
168.47,126.56,136.33,86,135.7,187.14,149.18,10.49,124.98,3
168.47,126.56,136.95,86,135.7,188.7,149.18,10.81,125.3,3
168.47,125.96,136.95,86.49,135.7,187.92,149.84,10.17,125.19,3
168.47,126.56,136.33,86.49,136.33,187.92,149.84,10.49,125.3,3
168.47,126.56,136.33,86.49,135.7,188.7,149.84,10.49,125.32,3
168.47,126.56,136.33,86.49,136.33,188.7,149.18,10.49,125.32,3
168.47,125.96,136.95,86.49,136.33,187.92,149.84,10.49,125.31,3
168.47,126.56,136.33,86.49,136.33,187.92,149.84,10.49,125.3,3
168.47,125.96,136.33,86.49,135.7,187.92,149.84,10.49,125.15,3
168.47,126.56,136.95,86,136.33,187.92,149.84,10.49,125.32,3
168.47,126.56,136.33,86,136.33,187.92,149.84,10.49,125.24,3
168.47,126.56,136.33,86,136.33,187.92,149.84,10.49,125.24,3
168.47,126.56,136.95,86.49,135.7,188.7,149.84,10.17,125.36,3
169.19,126.56,137.58,86.49,136.33,188.7,149.18,10.49,125.56,3
169.19,126.56,137.58,86.49,136.33,188.7,149.18,10.49,125.56,3
168.47,126.56,137.58,86.49,136.33,187.92,149.18,10.17,125.34,3
169.19,126.56,137.58,86.49,136.33,187.92,149.18,10.81,125.51,3
168.47,127.16,137.58,86,136.33,188.7,149.18,10.49,125.49,3
168.47,126.56,137.58,86,136.33,188.7,149.18,10.49,125.41,3
169.19,126.56,136.95,86,136.33,187.92,149.84,10.49,125.41,3
169.19,126.56,137.58,86.49,136.95,187.92,149.84,10.17,125.59,3
169.19,126.56,137.58,86.49,137.58,187.92,149.18,10.49,125.62,3
168.47,126.56,138.21,86.49,137.58,187.14,149.18,10.49,125.51,3
168.47,126.56,138.21,86.49,136.95,185.6,149.18,10.17,125.2,3
168.47,126.56,138.21,86.49,136.95,184.83,149.18,10.17,125.11,3
168.47,126.56,138.84,86.49,136.95,184.83,147.86,9.85,124.98,3
168.47,127.16,138.84,86,136.95,184.83,147.86,9.53,124.95,3
168.47,126.56,138.84,86,137.58,184.83,148.52,9.85,125.08,3
169.19,127.16,139.47,86,137.58,184.83,148.52,9.53,125.28,3
169.91,127.76,140.74,86.49,138.84,185.6,148.52,9.85,125.96,3
169.91,127.16,141.38,86.49,138.21,184.83,148.52,10.49,125.87,3
169.91,127.16,142.02,87.47,138.21,184.83,149.18,10.17,126.12,3
169.91,127.76,142.02,87.47,138.21,184.83,149.18,10.81,126.27,3
169.91,127.76,142.02,87.47,138.21,184.06,149.84,10.17,126.18,3
169.91,127.16,141.38,87.47,139.47,182.53,149.18,10.81,125.99,3
169.91,127.76,142.02,86.98,139.47,183.29,148.52,10.17,126.01,3
169.91,127.76,142.02,86.49,138.84,183.29,148.52,10.17,125.87,3
169.19,127.76,141.38,86.49,140.1,183.29,140.1,10.49,124.85,3
169.19,127.16,140.74,86,139.47,183.29,147.86,10.49,125.52,3
169.19,127.16,140.1,86.49,138.84,182.53,147.86,10.17,125.29,3
169.19,127.16,140.74,86,139.47,182.53,147.86,10.17,125.39,3
168.47,127.16,140.1,86.49,139.47,181.01,140.74,10.17,124.2,3
169.19,127.16,140.1,86,138.84,181.01,140.74,9.85,124.11,3
168.47,127.16,139.47,86,138.84,181.01,140.74,10.17,123.98,3
169.19,126.56,139.47,85.51,138.84,181.01,140.1,10.17,123.86,3
168.47,126.56,138.84,86,138.84,181.01,140.1,9.85,123.71,3
169.19,126.56,138.84,85.51,138.21,180.26,138.84,9.53,123.37,3
168.47,126.56,138.21,85.51,137.58,181.01,135.7,9.85,122.86,3
168.47,126.56,138.21,85.51,138.21,181.01,135.08,10.17,122.9,3
167.76,127.16,138.21,85.51,138.21,180.26,133.84,9.53,122.56,3
167.76,126.56,138.21,85.51,138.21,181.01,133.23,9.53,122.5,3
167.76,126.56,138.21,85.51,138.21,180.26,132.61,9.85,122.37,3
167.76,126.56,136.95,85.51,138.21,181.01,132,9.21,122.15,3
167.04,126.56,137.58,85.51,137.58,180.26,132,8.9,121.93,3
167.76,126.56,136.95,85.51,137.58,180.26,132,8.58,121.9,3
167.04,126.56,136.33,85.51,136.95,180.26,132.61,8.9,121.77,3
167.76,126.56,136.95,85.51,137.58,180.26,133.23,8.27,122.01,3
167.76,126.56,136.95,85.51,137.58,180.26,133.23,8.9,122.09,3
167.76,126.56,136.95,85.51,137.58,180.26,136.95,8.9,122.56,3
167.76,126.56,137.58,86,137.58,180.26,136.95,9.21,122.74,3
167.76,126.56,136.95,86,137.58,181.01,137.58,8.58,122.75,3
168.47,126.56,136.95,85.51,137.58,180.26,136.95,8.58,122.61,3
168.47,126.56,137.58,86,137.58,181.01,139.47,9.21,123.24,3
168.47,126.56,136.95,86,138.21,180.26,138.84,9.21,123.06,3
168.47,126.56,136.95,86,138.21,181.01,136.95,8.58,122.84,3
168.47,126.56,136.95,86,138.21,181.01,136.33,8.58,122.76,3
167.76,126.56,137.58,86,138.21,181.77,134.46,8.27,122.58,3
167.76,126.56,136.33,85.51,137.58,181.01,133.84,8.9,122.19,3
167.76,126.56,136.33,86,137.58,181.77,133.23,8.58,122.23,3
167.76,126.56,134.46,86,136.95,181.77,133.23,8.58,121.91,3
